Using pre-set license
Built from '2022.3/respin/2022.3.62f2-4af31df585-v2' branch; Version is '2022.3.62f2 (7670c08855a9) revision 7762112'; Using compiler version '192829333'; Build Type 'Release'
OS: 'Windows 11  (10.0.26200) 64bit Professional' Language: 'en' Physical Memory: 15530 MB
BatchMode: 1, IsHumanControllingUs: 0, StartBugReporterOnCrash: 0, Is64bit: 1, IsPro: 1

COMMAND LINE ARGUMENTS:
D:\Unity_Editors\2022.3.62f2\Editor\Unity.exe
-adb2
-batchMode
-noUpm
-name
AssetImportWorker14
-projectPath
D:/Paperly-WebGL-/Paperly(WebGL)
-logFile
Logs/AssetImportWorker14.log
-srvPort
54174
Successfully changed project path to: D:/Paperly-WebGL-/Paperly(WebGL)
D:/Paperly-WebGL-/Paperly(WebGL)
[UnityMemory] Configuration Parameters - Can be set up in boot.config
    "memorysetup-bucket-allocator-granularity=16"
    "memorysetup-bucket-allocator-bucket-count=8"
    "memorysetup-bucket-allocator-block-size=33554432"
    "memorysetup-bucket-allocator-block-count=8"
    "memorysetup-main-allocator-block-size=16777216"
    "memorysetup-thread-allocator-block-size=16777216"
    "memorysetup-gfx-main-allocator-block-size=16777216"
    "memorysetup-gfx-thread-allocator-block-size=16777216"
    "memorysetup-cache-allocator-block-size=4194304"
    "memorysetup-typetree-allocator-block-size=2097152"
    "memorysetup-profiler-bucket-allocator-granularity=16"
    "memorysetup-profiler-bucket-allocator-bucket-count=8"
    "memorysetup-profiler-bucket-allocator-block-size=33554432"
    "memorysetup-profiler-bucket-allocator-block-count=8"
    "memorysetup-profiler-allocator-block-size=16777216"
    "memorysetup-profiler-editor-allocator-block-size=1048576"
    "memorysetup-temp-allocator-size-main=16777216"
    "memorysetup-job-temp-allocator-block-size=2097152"
    "memorysetup-job-temp-allocator-block-size-background=1048576"
    "memorysetup-job-temp-allocator-reduction-small-platforms=262144"
    "memorysetup-allocator-temp-initial-block-size-main=262144"
    "memorysetup-allocator-temp-initial-block-size-worker=262144"
    "memorysetup-temp-allocator-size-background-worker=32768"
    "memorysetup-temp-allocator-size-job-worker=262144"
    "memorysetup-temp-allocator-size-preload-manager=33554432"
    "memorysetup-temp-allocator-size-nav-mesh-worker=65536"
    "memorysetup-temp-allocator-size-audio-worker=65536"
    "memorysetup-temp-allocator-size-cloud-worker=32768"
    "memorysetup-temp-allocator-size-gi-baking-worker=262144"
    "memorysetup-temp-allocator-size-gfx=262144"
Player connection [17268]  Target information:

Player connection [17268]  * "[IP] 192.168.0.3 [Port] 0 [Flags] 2 [Guid] 3772975315 [EditorId] 3772975315 [Version] 1048832 [Id] WindowsEditor(7,Bharath) [Debug] 1 [PackageName] WindowsEditor [ProjectName] Editor" 

Player connection [17268] Host joined multi-casting on [225.0.0.222:54997]...
Player connection [17268] Host joined alternative multi-casting on [225.0.0.222:34997]...
Input System module state changed to: Initialized.
[PhysX] Initialized MultithreadedTaskDispatcher with 12 workers.
Refreshing native plugins compatible for Editor in 3.76 ms, found 3 plugins.
Preloading 0 native plugins for Editor in 0.00 ms.
Initialize engine version: 2022.3.62f2 (7670c08855a9)
[Subsystems] Discovering subsystems at path D:/Unity_Editors/2022.3.62f2/Editor/Data/Resources/UnitySubsystems
[Subsystems] Discovering subsystems at path D:/Paperly-WebGL-/Paperly(WebGL)/Assets
GfxDevice: creating device client; threaded=0; jobified=0
Direct3D:
    Version:  Direct3D 11.0 [level 11.1]
    Renderer: AMD Radeon 740M Graphics (ID=0x15c8)
    Vendor:   ATI
    VRAM:     7765 MB
    Driver:   32.0.13036.4
Initialize mono
Mono path[0] = 'D:/Unity_Editors/2022.3.62f2/Editor/Data/Managed'
Mono path[1] = 'D:/Unity_Editors/2022.3.62f2/Editor/Data/MonoBleedingEdge/lib/mono/unityjit-win32'
Mono config path = 'D:/Unity_Editors/2022.3.62f2/Editor/Data/MonoBleedingEdge/etc'
Using monoOptions --debugger-agent=transport=dt_socket,embedding=1,server=y,suspend=n,address=127.0.0.1:56956
Begin MonoManager ReloadAssembly
Registering precompiled unity dll's ...
Register platform support module: D:/Unity_Editors/2022.3.62f2/Editor/Data/PlaybackEngines/WebGLSupport/UnityEditor.WebGL.Extensions.dll
Register platform support module: D:/Unity_Editors/2022.3.62f2/Editor/Data/PlaybackEngines/AndroidPlayer/UnityEditor.Android.Extensions.dll
Register platform support module: D:/Unity_Editors/2022.3.62f2/Editor/Data/PlaybackEngines/WindowsStandaloneSupport/UnityEditor.WindowsStandalone.Extensions.dll
Registered in 0.003704 seconds.
- Loaded All Assemblies, in  0.403 seconds
Native extension for WindowsStandalone target not found
Native extension for Android target not found
Android Extension - Scanning For ADB Devices 244 ms
Native extension for WebGL target not found
Mono: successfully reloaded assembly
- Finished resetting the current domain, in  0.458 seconds
Domain Reload Profiling: 861ms
	BeginReloadAssembly (86ms)
		ExecutionOrderSort (0ms)
		DisableScriptedObjects (0ms)
		BackupInstance (0ms)
		ReleaseScriptingObjects (0ms)
		CreateAndSetChildDomain (1ms)
	RebuildCommonClasses (24ms)
	RebuildNativeTypeToScriptingClass (7ms)
	initialDomainReloadingComplete (31ms)
	LoadAllAssembliesAndSetupDomain (254ms)
		LoadAssemblies (86ms)
		RebuildTransferFunctionScriptingTraits (0ms)
		AnalyzeDomain (252ms)
			TypeCache.Refresh (251ms)
				TypeCache.ScanAssembly (242ms)
			ScanForSourceGeneratedMonoScriptInfo (0ms)
			ResolveRequiredComponents (0ms)
	FinalizeReload (458ms)
		ReleaseScriptCaches (0ms)
		RebuildScriptCaches (0ms)
		SetupLoadedEditorAssemblies (423ms)
			LogAssemblyErrors (0ms)
			InitializePlatformSupportModulesInManaged (302ms)
			SetLoadedEditorAssemblies (3ms)
			RefreshPlugins (0ms)
			BeforeProcessingInitializeOnLoad (2ms)
			ProcessInitializeOnLoadAttributes (80ms)
			ProcessInitializeOnLoadMethodAttributes (37ms)
			AfterProcessingInitializeOnLoad (0ms)
			EditorAssembliesLoaded (0ms)
		ExecutionOrderSort2 (0ms)
		AwakeInstancesAfterBackupRestoration (0ms)
========================================================================
Worker process is ready to serve import requests
Caller must complete domain reload
Begin MonoManager ReloadAssembly
- Loaded All Assemblies, in  0.446 seconds
Native extension for WindowsStandalone target not found
Native extension for Android target not found
Native extension for WebGL target not found
Mono: successfully reloaded assembly
- Finished resetting the current domain, in  0.399 seconds
Domain Reload Profiling: 845ms
	BeginReloadAssembly (117ms)
		ExecutionOrderSort (0ms)
		DisableScriptedObjects (5ms)
		BackupInstance (0ms)
		ReleaseScriptingObjects (0ms)
		CreateAndSetChildDomain (20ms)
	RebuildCommonClasses (23ms)
	RebuildNativeTypeToScriptingClass (8ms)
	initialDomainReloadingComplete (28ms)
	LoadAllAssembliesAndSetupDomain (271ms)
		LoadAssemblies (206ms)
		RebuildTransferFunctionScriptingTraits (0ms)
		AnalyzeDomain (130ms)
			TypeCache.Refresh (115ms)
				TypeCache.ScanAssembly (105ms)
			ScanForSourceGeneratedMonoScriptInfo (11ms)
			ResolveRequiredComponents (3ms)
	FinalizeReload (399ms)
		ReleaseScriptCaches (0ms)
		RebuildScriptCaches (0ms)
		SetupLoadedEditorAssemblies (298ms)
			LogAssemblyErrors (0ms)
			InitializePlatformSupportModulesInManaged (10ms)
			SetLoadedEditorAssemblies (3ms)
			RefreshPlugins (0ms)
			BeforeProcessingInitializeOnLoad (40ms)
			ProcessInitializeOnLoadAttributes (230ms)
			ProcessInitializeOnLoadMethodAttributes (14ms)
			AfterProcessingInitializeOnLoad (2ms)
			EditorAssembliesLoaded (0ms)
		ExecutionOrderSort2 (0ms)
		AwakeInstancesAfterBackupRestoration (6ms)
Launched and connected shader compiler UnityShaderCompiler.exe after 0.04 seconds
Refreshing native plugins compatible for Editor in 1.77 ms, found 3 plugins.
Preloading 0 native plugins for Editor in 0.00 ms.
Unloading 3490 Unused Serialized files (Serialized files now loaded: 0)
Unloading 31 unused Assets / (224.0 KB). Loaded Objects now: 3956.
Memory consumption went from 141.7 MB to 141.4 MB.
Total: 3.234600 ms (FindLiveObjects: 0.278700 ms CreateObjectMapping: 0.084000 ms MarkObjects: 2.719900 ms  DeleteObjects: 0.150400 ms)

AssetImportParameters requested are different than current active one (requested -> active):
  custom:scripting/monoscript/fileName/TCP2_GradientManager.cs: fcc0eade98cac5b7275979695df635bb -> 
  custom:scripting/monoscript/fileName/MaterialInspector_SG2.cs: 8e87db41a3a0c328381e02b96642d5ed -> 
  custom:container-demuxer-ogg: 62fdf1f143b41e24485cea50d1cbac27 -> 
  custom:scripting/monoscript/fileName/TCP2_ShaderGeneratorUtils.cs: 60f19fd12c7e608165239da51b7c9347 -> 
  custom:scripting/monoscript/fileName/MaterialInspector_Hybrid.cs: dd0479f081972fc1bd8117e9b8a3c19c -> 
  custom:scripting/monoscript/fileName/UIFeatures.cs: 4fdc490df447934db2a1c1930602ea90 -> 
  custom:video-codec-MediaFoundation-h265: 746d11721c4dcdbdad8f713fa42b33f4 -> 
  custom:video-decoder-ogg-theora: a1e56fd34408186e4bbccfd4996cb3dc -> 
  custom:scripting/monoscript/fileName/TCP2_GetPosOnWater_Editor.cs: f070524cbf80cc182ddafc23e9b0c865 -> 
  custom:framework-win-MediaFoundation: 216162199b28c13a410421893ffa2e32 -> 
  custom:scripting/monoscript/fileName/TCP2_Demo_GammaLinear.cs: b35f68aa1d552cb4d1a4ec6c926c0f0b -> 
  custom:scripting/monoscript/fileName/TCP2_GUI.cs: 1338930458367abb0020a550450a40ac -> 
  custom:scripting/monoscript/fileName/TCP2_Demo_Interactive.cs: c0fc773abdf677858f2b632324822fc1 -> 
  custom:scripting/monoscript/fileName/TCP2_Demo_Interactive_Content.cs: af5c3adfbee3ee106cc636b55f10baea -> 
  custom:scripting/monoscript/fileName/TCP2_RuntimeUtils.cs: 6234d1c0df7a9f06c3c188e83442ae85 -> 
  custom:scripting/monoscript/fileName/TCP2_Demo_InvertedMaskImage.cs: ffd3558dbe2bfe9f162715877425f894 -> 
  custom:scripting/monoscript/fileName/ReorderableLayoutList.cs: 9ba7bd4c991c73731c821315ffcd1d38 -> 
  custom:scripting/monoscript/fileName/TCP2_Demo.cs: f66526b53badb7ad665229520cd3259d -> 
  custom:CustomObjectIndexerAttribute: 9a22284fe3817be447336de3de66b15e -> 
  custom:scripting/monoscript/fileName/TCP2_Demo_PBS_View.cs: c54dfb82e8364e406c25d94e7503bb47 -> 
  custom:scripting/monoscript/fileName/Tooltip.cs: 6d98b883b77bd4eb3be7c69498228e5b -> efbd10c978725fde614599dc839eb715
  custom:scripting/monoscript/fileName/TCP2_Demo_Cat.cs: ddce114892a3e78f308d54f7c0d40e51 -> 
  custom:container-demuxer-webm: 4f35f7cbe854078d1ac9338744f61a02 -> 
  custom:scripting/monoscript/fileName/TCP2_Demo_AutoRotate.cs: 0567dee0421ae0886b132939e2b454c8 -> 
  custom:scripting/monoscript/fileName/TCP2_Utils.cs: d281bbd614b05954e715119ffb4e24b0 -> 
  custom:scripting/monoscript/fileName/TCP2_MaterialInspector_PBS_SG.cs: 854a75f3d615b0c507e87b45b4a3c6d0 -> 
  custom:scripting/monoscript/fileName/TCP2_Menu.cs: 88e64115b36f2d5f17b21666c38f240d -> 
  custom:scripting/monoscript/fileName/TCP2_Demo_Interactive_Environment.cs: 08147bc20b048c5b5aea073f2107a938 -> 
  custom:scripting/monoscript/fileName/Config.cs: fae96f2b91a511890105fb9b95d24d0b -> 
  custom:scripting/monoscript/fileName/TCP2_CameraDepth.cs: 78d341a8ab5c83f87f48439841cfe550 -> 
  custom:container-muxer-webm: aa71ff27fc2769a1b78a27578f13a17b -> 
  custom:video-decoder-webm-vp8: 9c59270c3fd7afecdb556c50c9e8de78 -> 
  custom:scripting/monoscript/fileName/TCP2_Demo_AnimateMaterial.cs: 36cd3afdb13edf651922a70330252de1 -> 
  custom:scripting/monoscript/fileName/TCP2_ShaderUpdateUnityTime_Editor.cs: c0adbd8b2cef361b0d030b13795a28f1 -> 
  custom:SearchIndexIgnoredProperties: e643bd26f0fe6173181afceb89e7c659 -> 
  custom:scripting/monoscript/fileName/TCP2_ShaderGenerator.UIFeatures.cs: 1d2933bc56d7311d0449931f9ae688f2 -> 
  custom:AudioImporter_EditorPlatform: d09bf68614088b80899f8185d706f6e7 -> 
  custom:scripting/monoscript/fileName/Serialization.cs: a597a656351bb23afb778cbe20ff24fa -> dd6acf6845fbd366eebfbdc457fca7bf
  custom:scripting/monoscript/fileName/TCP2_MaterialInspector_SurfacePBS_SG.cs: 88b6aab46ec263e3f285a8b01039276b -> 
  custom:scripting/monoscript/fileName/BloomGraphDrawer.cs: 9600e9f64d67dabab17944976945a2fa -> 
  custom:scripting/monoscript/fileName/TCP2_ShaderUpdateUnityTime.cs: 61bb3190525b24acadb5199bc561b249 -> 
  custom:scripting/monoscript/fileName/TCP2_PlanarReflection.cs: 09ded59f42b98316a095fe201bedfef7 -> 
  custom:scripting/monoscript/fileName/TCP2_RampGenerator.cs: eaec3e604e38ce2a529b64230727e120 -> 
  custom:scripting/monoscript/fileName/SGUILayout.cs: 9a748d27fc237893445b0be72a0a383e -> 
  custom:scripting/monoscript/fileName/ShaderGenerator2.cs: e5295c95a591168ca7cb39a3ade1c16c -> 
  custom:scripting/monoscript/fileName/TCP2_MaterialInspector_SG.cs: 831645fb097b4502f2682dac3160ce44 -> 
  custom:scripting/monoscript/fileName/ShaderProperty.CustomMaterialProperty.cs: bc66a2637169b9e3b0a7518af3f83ec8 -> 
  custom:scripting/monoscript/fileName/TCP2_Demo_Camera.cs: cb4db1febccc2c4e09ec7a6d23187ea7 -> 
  custom:scripting/monoscript/fileName/TCP2_Demo_View.cs: 7e6099098a9785fde276519acfef40f1 -> 
  custom:scripting/monoscript/fileName/TCP2_Config.cs: f4d22248fc55d9b99738808a615b972c -> 
  custom:video-encoder-webm-vp8: eb34c28f22e8b96e1ab97ce403110664 -> 
  custom:scripting/monoscript/fileName/TCP2_MaterialInspector.cs: 1f5ad91034ee25bbec41e2eeabf5a3bd -> 
  custom:scripting/monoscript/fileName/TCP2_GetPosOnWater.cs: 09fece8a0755d1b11f9fdf3eb77dcbc0 -> 
  custom:scripting/monoscript/fileName/Bloom.cs: e82d119aa2efdcbdd1539124121b585d -> 6f6d579a64201b97313a62a1e91b3575
  custom:audio-decoder-ogg-vorbis: bf7c407c2cedff20999df2af8eb42d56 -> 
  custom:scripting/monoscript/fileName/ShaderProperty.cs: 82bb21d4405e65966350eb3cb56ff024 -> 
  custom:scripting/monoscript/fileName/ShaderProperty.Implementations.cs: 832c102de82f04cdc65de110fef55bbe -> 
  custom:scripting/monoscript/fileName/GlobalOptions.cs: fe6494fa426a8040736381ebbdd122c8 -> 
  custom:scripting/monoscript/fileName/TCP2_OutlineInspector.cs: 65523a4924160d9a16e9359205373c7a -> 
  custom:scripting/monoscript/fileName/TCP2_ExpressionParser.cs: 2d12153f030e7001c6e8dd49a9c830ab -> 
  custom:scripting/monoscript/fileName/TCP2_MaterialInspector_PBS.cs: 6b7e84d2fcbb320e53bf430f9d42cf27 -> 
  custom:scripting/monoscript/fileName/TCP2_SmoothedNormalsUtility.cs: d0c50f866cd0458673f04524aac330ab -> 
  custom:scripting/monoscript/fileName/CodeInjection.cs: 53eca25ffbc932bdcc2f182b3a74b3ef -> 
  custom:scripting/monoscript/fileName/BloomEditor.cs: a48a482d8411f395a95a3ae16e7ee54d -> c341bb26b40744c3a5c2a142ac3e1051
  custom:scripting/monoscript/fileName/TCP2_Demo_PBS.cs: bf0261dde914e2ef482e8008955d4b0e -> 
  custom:audio-encoder-webm-vorbis: bf7c407c2cedff20999df2af8eb42d56 -> 
  custom:scripting/monoscript/fileName/Template.cs: 955ddae9cda1c5cb75f6ed421335be29 -> 
  custom:scripting/monoscript/fileName/Module.cs: 778e7a9ccb860ce5ee06b85a41592eb7 -> 9cffc223e3cf6968fcbc7ffa33b894e5
========================================================================
Received Prepare
Caller must complete domain reload
Begin MonoManager ReloadAssembly
- Loaded All Assemblies, in  0.400 seconds
Native extension for WindowsStandalone target not found
Native extension for Android target not found
Native extension for WebGL target not found
Mono: successfully reloaded assembly
- Finished resetting the current domain, in  0.785 seconds
Domain Reload Profiling: 1186ms
	BeginReloadAssembly (152ms)
		ExecutionOrderSort (0ms)
		DisableScriptedObjects (4ms)
		BackupInstance (0ms)
		ReleaseScriptingObjects (0ms)
		CreateAndSetChildDomain (42ms)
	RebuildCommonClasses (37ms)
	RebuildNativeTypeToScriptingClass (10ms)
	initialDomainReloadingComplete (25ms)
	LoadAllAssembliesAndSetupDomain (177ms)
		LoadAssemblies (244ms)
		RebuildTransferFunctionScriptingTraits (0ms)
		AnalyzeDomain (12ms)
			TypeCache.Refresh (5ms)
				TypeCache.ScanAssembly (0ms)
			ScanForSourceGeneratedMonoScriptInfo (0ms)
			ResolveRequiredComponents (5ms)
	FinalizeReload (786ms)
		ReleaseScriptCaches (0ms)
		RebuildScriptCaches (0ms)
		SetupLoadedEditorAssemblies (366ms)
			LogAssemblyErrors (0ms)
			InitializePlatformSupportModulesInManaged (17ms)
			SetLoadedEditorAssemblies (6ms)
			RefreshPlugins (0ms)
			BeforeProcessingInitializeOnLoad (59ms)
			ProcessInitializeOnLoadAttributes (258ms)
			ProcessInitializeOnLoadMethodAttributes (24ms)
			AfterProcessingInitializeOnLoad (2ms)
			EditorAssembliesLoaded (0ms)
		ExecutionOrderSort2 (0ms)
		AwakeInstancesAfterBackupRestoration (10ms)
Refreshing native plugins compatible for Editor in 2.51 ms, found 3 plugins.
Preloading 0 native plugins for Editor in 0.00 ms.
Unloading 3443 Unused Serialized files (Serialized files now loaded: 0)
Unloading 26 unused Assets / (195.3 KB). Loaded Objects now: 3960.
Memory consumption went from 131.4 MB to 131.2 MB.
Total: 8.064500 ms (FindLiveObjects: 0.766900 ms CreateObjectMapping: 0.555200 ms MarkObjects: 6.436300 ms  DeleteObjects: 0.303700 ms)

Prepare: number of updated asset objects reloaded= 0
AssetImportParameters requested are different than current active one (requested -> active):
  custom:scripting/monoscript/fileName/TCP2_GradientManager.cs: fcc0eade98cac5b7275979695df635bb -> 
  custom:scripting/monoscript/fileName/MaterialInspector_SG2.cs: 8e87db41a3a0c328381e02b96642d5ed -> 
  custom:container-demuxer-ogg: 62fdf1f143b41e24485cea50d1cbac27 -> 
  custom:scripting/monoscript/fileName/TCP2_ShaderGeneratorUtils.cs: 60f19fd12c7e608165239da51b7c9347 -> 
  custom:scripting/monoscript/fileName/MaterialInspector_Hybrid.cs: dd0479f081972fc1bd8117e9b8a3c19c -> 
  custom:scripting/monoscript/fileName/UIFeatures.cs: 4fdc490df447934db2a1c1930602ea90 -> 
  custom:video-codec-MediaFoundation-h265: 746d11721c4dcdbdad8f713fa42b33f4 -> 
  custom:video-decoder-ogg-theora: a1e56fd34408186e4bbccfd4996cb3dc -> 
  custom:scripting/monoscript/fileName/TCP2_GetPosOnWater_Editor.cs: f070524cbf80cc182ddafc23e9b0c865 -> 
  custom:framework-win-MediaFoundation: 216162199b28c13a410421893ffa2e32 -> 
  custom:scripting/monoscript/fileName/TCP2_Demo_GammaLinear.cs: b35f68aa1d552cb4d1a4ec6c926c0f0b -> 
  custom:scripting/monoscript/fileName/TCP2_GUI.cs: 1338930458367abb0020a550450a40ac -> 
  custom:scripting/monoscript/fileName/TCP2_Demo_Interactive.cs: c0fc773abdf677858f2b632324822fc1 -> 
  custom:scripting/monoscript/fileName/TCP2_Demo_Interactive_Content.cs: af5c3adfbee3ee106cc636b55f10baea -> 
  custom:scripting/monoscript/fileName/TCP2_RuntimeUtils.cs: 6234d1c0df7a9f06c3c188e83442ae85 -> 
  custom:scripting/monoscript/fileName/TCP2_Demo_InvertedMaskImage.cs: ffd3558dbe2bfe9f162715877425f894 -> 
  custom:scripting/monoscript/fileName/ReorderableLayoutList.cs: 9ba7bd4c991c73731c821315ffcd1d38 -> 
  custom:scripting/monoscript/fileName/TCP2_Demo.cs: f66526b53badb7ad665229520cd3259d -> 
  custom:CustomObjectIndexerAttribute: 9a22284fe3817be447336de3de66b15e -> 
  custom:scripting/monoscript/fileName/TCP2_Demo_PBS_View.cs: c54dfb82e8364e406c25d94e7503bb47 -> 
  custom:scripting/monoscript/fileName/Tooltip.cs: 6d98b883b77bd4eb3be7c69498228e5b -> efbd10c978725fde614599dc839eb715
  custom:scripting/monoscript/fileName/TCP2_Demo_Cat.cs: ddce114892a3e78f308d54f7c0d40e51 -> 
  custom:container-demuxer-webm: 4f35f7cbe854078d1ac9338744f61a02 -> 
  custom:scripting/monoscript/fileName/TCP2_Demo_AutoRotate.cs: 0567dee0421ae0886b132939e2b454c8 -> 
  custom:scripting/monoscript/fileName/TCP2_Utils.cs: d281bbd614b05954e715119ffb4e24b0 -> 
  custom:scripting/monoscript/fileName/TCP2_MaterialInspector_PBS_SG.cs: 854a75f3d615b0c507e87b45b4a3c6d0 -> 
  custom:scripting/monoscript/fileName/TCP2_Menu.cs: 88e64115b36f2d5f17b21666c38f240d -> 
  custom:scripting/monoscript/fileName/TCP2_Demo_Interactive_Environment.cs: 08147bc20b048c5b5aea073f2107a938 -> 
  custom:scripting/monoscript/fileName/Config.cs: fae96f2b91a511890105fb9b95d24d0b -> 
  custom:scripting/monoscript/fileName/TCP2_CameraDepth.cs: 78d341a8ab5c83f87f48439841cfe550 -> 
  custom:container-muxer-webm: aa71ff27fc2769a1b78a27578f13a17b -> 
  custom:video-decoder-webm-vp8: 9c59270c3fd7afecdb556c50c9e8de78 -> 
  custom:scripting/monoscript/fileName/TCP2_Demo_AnimateMaterial.cs: 36cd3afdb13edf651922a70330252de1 -> 
  custom:scripting/monoscript/fileName/TCP2_ShaderUpdateUnityTime_Editor.cs: c0adbd8b2cef361b0d030b13795a28f1 -> 
  custom:SearchIndexIgnoredProperties: e643bd26f0fe6173181afceb89e7c659 -> 
  custom:scripting/monoscript/fileName/TCP2_ShaderGenerator.UIFeatures.cs: 1d2933bc56d7311d0449931f9ae688f2 -> 
  custom:AudioImporter_EditorPlatform: d09bf68614088b80899f8185d706f6e7 -> 
  custom:scripting/monoscript/fileName/Serialization.cs: a597a656351bb23afb778cbe20ff24fa -> dd6acf6845fbd366eebfbdc457fca7bf
  custom:scripting/monoscript/fileName/TCP2_MaterialInspector_SurfacePBS_SG.cs: 88b6aab46ec263e3f285a8b01039276b -> 
  custom:scripting/monoscript/fileName/BloomGraphDrawer.cs: 9600e9f64d67dabab17944976945a2fa -> 
  custom:scripting/monoscript/fileName/TCP2_ShaderUpdateUnityTime.cs: 61bb3190525b24acadb5199bc561b249 -> 
  custom:scripting/monoscript/fileName/TCP2_PlanarReflection.cs: 09ded59f42b98316a095fe201bedfef7 -> 
  custom:scripting/monoscript/fileName/TCP2_RampGenerator.cs: eaec3e604e38ce2a529b64230727e120 -> 
  custom:scripting/monoscript/fileName/SGUILayout.cs: 9a748d27fc237893445b0be72a0a383e -> 
  custom:scripting/monoscript/fileName/ShaderGenerator2.cs: e5295c95a591168ca7cb39a3ade1c16c -> 
  custom:scripting/monoscript/fileName/TCP2_MaterialInspector_SG.cs: 831645fb097b4502f2682dac3160ce44 -> 
  custom:scripting/monoscript/fileName/ShaderProperty.CustomMaterialProperty.cs: bc66a2637169b9e3b0a7518af3f83ec8 -> 
  custom:scripting/monoscript/fileName/TCP2_Demo_Camera.cs: cb4db1febccc2c4e09ec7a6d23187ea7 -> 
  custom:scripting/monoscript/fileName/TCP2_Demo_View.cs: 7e6099098a9785fde276519acfef40f1 -> 
  custom:scripting/monoscript/fileName/TCP2_Config.cs: f4d22248fc55d9b99738808a615b972c -> 
  custom:video-encoder-webm-vp8: eb34c28f22e8b96e1ab97ce403110664 -> 
  custom:scripting/monoscript/fileName/TCP2_MaterialInspector.cs: 1f5ad91034ee25bbec41e2eeabf5a3bd -> 
  custom:scripting/monoscript/fileName/TCP2_GetPosOnWater.cs: 09fece8a0755d1b11f9fdf3eb77dcbc0 -> 
  custom:scripting/monoscript/fileName/Bloom.cs: e82d119aa2efdcbdd1539124121b585d -> 6f6d579a64201b97313a62a1e91b3575
  custom:audio-decoder-ogg-vorbis: bf7c407c2cedff20999df2af8eb42d56 -> 
  custom:scripting/monoscript/fileName/ShaderProperty.cs: 82bb21d4405e65966350eb3cb56ff024 -> 
  custom:scripting/monoscript/fileName/ShaderProperty.Implementations.cs: 832c102de82f04cdc65de110fef55bbe -> 
  custom:scripting/monoscript/fileName/GlobalOptions.cs: fe6494fa426a8040736381ebbdd122c8 -> 
  custom:scripting/monoscript/fileName/TCP2_OutlineInspector.cs: 65523a4924160d9a16e9359205373c7a -> 
  custom:scripting/monoscript/fileName/TCP2_ExpressionParser.cs: 2d12153f030e7001c6e8dd49a9c830ab -> 
  custom:scripting/monoscript/fileName/TCP2_MaterialInspector_PBS.cs: 6b7e84d2fcbb320e53bf430f9d42cf27 -> 
  custom:scripting/monoscript/fileName/TCP2_SmoothedNormalsUtility.cs: d0c50f866cd0458673f04524aac330ab -> 
  custom:scripting/monoscript/fileName/CodeInjection.cs: 53eca25ffbc932bdcc2f182b3a74b3ef -> 
  custom:scripting/monoscript/fileName/BloomEditor.cs: a48a482d8411f395a95a3ae16e7ee54d -> c341bb26b40744c3a5c2a142ac3e1051
  custom:scripting/monoscript/fileName/TCP2_Demo_PBS.cs: bf0261dde914e2ef482e8008955d4b0e -> 
  custom:audio-encoder-webm-vorbis: bf7c407c2cedff20999df2af8eb42d56 -> 
  custom:scripting/monoscript/fileName/Template.cs: 955ddae9cda1c5cb75f6ed421335be29 -> 
  custom:scripting/monoscript/fileName/Module.cs: 778e7a9ccb860ce5ee06b85a41592eb7 -> 9cffc223e3cf6968fcbc7ffa33b894e5
========================================================================
Received Prepare
Caller must complete domain reload
Begin MonoManager ReloadAssembly
- Loaded All Assemblies, in  0.286 seconds
Native extension for WindowsStandalone target not found
Native extension for Android target not found
Native extension for WebGL target not found
Mono: successfully reloaded assembly
- Finished resetting the current domain, in  0.749 seconds
Domain Reload Profiling: 1035ms
	BeginReloadAssembly (117ms)
		ExecutionOrderSort (0ms)
		DisableScriptedObjects (4ms)
		BackupInstance (0ms)
		ReleaseScriptingObjects (0ms)
		CreateAndSetChildDomain (30ms)
	RebuildCommonClasses (21ms)
	RebuildNativeTypeToScriptingClass (7ms)
	initialDomainReloadingComplete (16ms)
	LoadAllAssembliesAndSetupDomain (124ms)
		LoadAssemblies (174ms)
		RebuildTransferFunctionScriptingTraits (0ms)
		AnalyzeDomain (8ms)
			TypeCache.Refresh (3ms)
				TypeCache.ScanAssembly (0ms)
			ScanForSourceGeneratedMonoScriptInfo (0ms)
			ResolveRequiredComponents (4ms)
	FinalizeReload (750ms)
		ReleaseScriptCaches (0ms)
		RebuildScriptCaches (0ms)
		SetupLoadedEditorAssemblies (393ms)
			LogAssemblyErrors (0ms)
			InitializePlatformSupportModulesInManaged (10ms)
			SetLoadedEditorAssemblies (4ms)
			RefreshPlugins (0ms)
			BeforeProcessingInitializeOnLoad (47ms)
			ProcessInitializeOnLoadAttributes (298ms)
			ProcessInitializeOnLoadMethodAttributes (30ms)
			AfterProcessingInitializeOnLoad (3ms)
			EditorAssembliesLoaded (0ms)
		ExecutionOrderSort2 (0ms)
		AwakeInstancesAfterBackupRestoration (10ms)
Refreshing native plugins compatible for Editor in 2.08 ms, found 3 plugins.
Preloading 0 native plugins for Editor in 0.00 ms.
Unloading 3443 Unused Serialized files (Serialized files now loaded: 0)
Unloading 26 unused Assets / (195.3 KB). Loaded Objects now: 3964.
Memory consumption went from 131.4 MB to 131.2 MB.
Total: 3.944400 ms (FindLiveObjects: 0.405900 ms CreateObjectMapping: 0.094500 ms MarkObjects: 3.272600 ms  DeleteObjects: 0.170400 ms)

Prepare: number of updated asset objects reloaded= 0
AssetImportParameters requested are different than current active one (requested -> active):
  custom:scripting/monoscript/fileName/TCP2_GradientManager.cs: fcc0eade98cac5b7275979695df635bb -> 
  custom:scripting/monoscript/fileName/MaterialInspector_SG2.cs: 8e87db41a3a0c328381e02b96642d5ed -> 
  custom:container-demuxer-ogg: 62fdf1f143b41e24485cea50d1cbac27 -> 
  custom:scripting/monoscript/fileName/TCP2_ShaderGeneratorUtils.cs: 60f19fd12c7e608165239da51b7c9347 -> 
  custom:scripting/monoscript/fileName/MaterialInspector_Hybrid.cs: dd0479f081972fc1bd8117e9b8a3c19c -> 
  custom:scripting/monoscript/fileName/UIFeatures.cs: 4fdc490df447934db2a1c1930602ea90 -> 
  custom:video-codec-MediaFoundation-h265: 746d11721c4dcdbdad8f713fa42b33f4 -> 
  custom:video-decoder-ogg-theora: a1e56fd34408186e4bbccfd4996cb3dc -> 
  custom:scripting/monoscript/fileName/TCP2_GetPosOnWater_Editor.cs: f070524cbf80cc182ddafc23e9b0c865 -> 
  custom:framework-win-MediaFoundation: 216162199b28c13a410421893ffa2e32 -> 
  custom:scripting/monoscript/fileName/TCP2_Demo_GammaLinear.cs: b35f68aa1d552cb4d1a4ec6c926c0f0b -> 
  custom:scripting/monoscript/fileName/TCP2_GUI.cs: 1338930458367abb0020a550450a40ac -> 
  custom:scripting/monoscript/fileName/TCP2_Demo_Interactive.cs: c0fc773abdf677858f2b632324822fc1 -> 
  custom:scripting/monoscript/fileName/TCP2_Demo_Interactive_Content.cs: af5c3adfbee3ee106cc636b55f10baea -> 
  custom:scripting/monoscript/fileName/TCP2_RuntimeUtils.cs: 6234d1c0df7a9f06c3c188e83442ae85 -> 
  custom:scripting/monoscript/fileName/TCP2_Demo_InvertedMaskImage.cs: ffd3558dbe2bfe9f162715877425f894 -> 
  custom:scripting/monoscript/fileName/ReorderableLayoutList.cs: 9ba7bd4c991c73731c821315ffcd1d38 -> 
  custom:scripting/monoscript/fileName/TCP2_Demo.cs: f66526b53badb7ad665229520cd3259d -> 
  custom:CustomObjectIndexerAttribute: 9a22284fe3817be447336de3de66b15e -> 
  custom:scripting/monoscript/fileName/TCP2_Demo_PBS_View.cs: c54dfb82e8364e406c25d94e7503bb47 -> 
  custom:scripting/monoscript/fileName/Tooltip.cs: 6d98b883b77bd4eb3be7c69498228e5b -> efbd10c978725fde614599dc839eb715
  custom:scripting/monoscript/fileName/TCP2_Demo_Cat.cs: ddce114892a3e78f308d54f7c0d40e51 -> 
  custom:container-demuxer-webm: 4f35f7cbe854078d1ac9338744f61a02 -> 
  custom:scripting/monoscript/fileName/TCP2_Demo_AutoRotate.cs: 0567dee0421ae0886b132939e2b454c8 -> 
  custom:scripting/monoscript/fileName/TCP2_Utils.cs: d281bbd614b05954e715119ffb4e24b0 -> 
  custom:scripting/monoscript/fileName/TCP2_MaterialInspector_PBS_SG.cs: 854a75f3d615b0c507e87b45b4a3c6d0 -> 
  custom:scripting/monoscript/fileName/TCP2_Menu.cs: 88e64115b36f2d5f17b21666c38f240d -> 
  custom:scripting/monoscript/fileName/TCP2_Demo_Interactive_Environment.cs: 08147bc20b048c5b5aea073f2107a938 -> 
  custom:scripting/monoscript/fileName/Config.cs: fae96f2b91a511890105fb9b95d24d0b -> 
  custom:scripting/monoscript/fileName/TCP2_CameraDepth.cs: 78d341a8ab5c83f87f48439841cfe550 -> 
  custom:container-muxer-webm: aa71ff27fc2769a1b78a27578f13a17b -> 
  custom:video-decoder-webm-vp8: 9c59270c3fd7afecdb556c50c9e8de78 -> 
  custom:scripting/monoscript/fileName/TCP2_Demo_AnimateMaterial.cs: 36cd3afdb13edf651922a70330252de1 -> 
  custom:scripting/monoscript/fileName/TCP2_ShaderUpdateUnityTime_Editor.cs: c0adbd8b2cef361b0d030b13795a28f1 -> 
  custom:SearchIndexIgnoredProperties: e643bd26f0fe6173181afceb89e7c659 -> 
  custom:scripting/monoscript/fileName/TCP2_ShaderGenerator.UIFeatures.cs: 1d2933bc56d7311d0449931f9ae688f2 -> 
  custom:AudioImporter_EditorPlatform: d09bf68614088b80899f8185d706f6e7 -> 
  custom:scripting/monoscript/fileName/Serialization.cs: a597a656351bb23afb778cbe20ff24fa -> dd6acf6845fbd366eebfbdc457fca7bf
  custom:scripting/monoscript/fileName/TCP2_MaterialInspector_SurfacePBS_SG.cs: 88b6aab46ec263e3f285a8b01039276b -> 
  custom:scripting/monoscript/fileName/BloomGraphDrawer.cs: 9600e9f64d67dabab17944976945a2fa -> 
  custom:scripting/monoscript/fileName/TCP2_ShaderUpdateUnityTime.cs: 61bb3190525b24acadb5199bc561b249 -> 
  custom:scripting/monoscript/fileName/TCP2_PlanarReflection.cs: 09ded59f42b98316a095fe201bedfef7 -> 
  custom:scripting/monoscript/fileName/TCP2_RampGenerator.cs: eaec3e604e38ce2a529b64230727e120 -> 
  custom:scripting/monoscript/fileName/SGUILayout.cs: 9a748d27fc237893445b0be72a0a383e -> 
  custom:scripting/monoscript/fileName/ShaderGenerator2.cs: e5295c95a591168ca7cb39a3ade1c16c -> 
  custom:scripting/monoscript/fileName/TCP2_MaterialInspector_SG.cs: 831645fb097b4502f2682dac3160ce44 -> 
  custom:scripting/monoscript/fileName/ShaderProperty.CustomMaterialProperty.cs: bc66a2637169b9e3b0a7518af3f83ec8 -> 
  custom:scripting/monoscript/fileName/TCP2_Demo_Camera.cs: cb4db1febccc2c4e09ec7a6d23187ea7 -> 
  custom:scripting/monoscript/fileName/TCP2_Demo_View.cs: 7e6099098a9785fde276519acfef40f1 -> 
  custom:scripting/monoscript/fileName/TCP2_Config.cs: f4d22248fc55d9b99738808a615b972c -> 
  custom:video-encoder-webm-vp8: eb34c28f22e8b96e1ab97ce403110664 -> 
  custom:scripting/monoscript/fileName/TCP2_MaterialInspector.cs: 1f5ad91034ee25bbec41e2eeabf5a3bd -> 
  custom:scripting/monoscript/fileName/TCP2_GetPosOnWater.cs: 09fece8a0755d1b11f9fdf3eb77dcbc0 -> 
  custom:scripting/monoscript/fileName/Bloom.cs: e82d119aa2efdcbdd1539124121b585d -> 6f6d579a64201b97313a62a1e91b3575
  custom:audio-decoder-ogg-vorbis: bf7c407c2cedff20999df2af8eb42d56 -> 
  custom:scripting/monoscript/fileName/ShaderProperty.cs: 82bb21d4405e65966350eb3cb56ff024 -> 
  custom:scripting/monoscript/fileName/ShaderProperty.Implementations.cs: 832c102de82f04cdc65de110fef55bbe -> 
  custom:scripting/monoscript/fileName/GlobalOptions.cs: fe6494fa426a8040736381ebbdd122c8 -> 
  custom:scripting/monoscript/fileName/TCP2_OutlineInspector.cs: 65523a4924160d9a16e9359205373c7a -> 
  custom:scripting/monoscript/fileName/TCP2_ExpressionParser.cs: 2d12153f030e7001c6e8dd49a9c830ab -> 
  custom:scripting/monoscript/fileName/TCP2_MaterialInspector_PBS.cs: 6b7e84d2fcbb320e53bf430f9d42cf27 -> 
  custom:scripting/monoscript/fileName/TCP2_SmoothedNormalsUtility.cs: d0c50f866cd0458673f04524aac330ab -> 
  custom:scripting/monoscript/fileName/CodeInjection.cs: 53eca25ffbc932bdcc2f182b3a74b3ef -> 
  custom:scripting/monoscript/fileName/BloomEditor.cs: a48a482d8411f395a95a3ae16e7ee54d -> c341bb26b40744c3a5c2a142ac3e1051
  custom:scripting/monoscript/fileName/TCP2_Demo_PBS.cs: bf0261dde914e2ef482e8008955d4b0e -> 
  custom:audio-encoder-webm-vorbis: bf7c407c2cedff20999df2af8eb42d56 -> 
  custom:scripting/monoscript/fileName/Template.cs: 955ddae9cda1c5cb75f6ed421335be29 -> 
  custom:scripting/monoscript/fileName/Module.cs: 778e7a9ccb860ce5ee06b85a41592eb7 -> 9cffc223e3cf6968fcbc7ffa33b894e5
========================================================================
Received Prepare
Caller must complete domain reload
Begin MonoManager ReloadAssembly
- Loaded All Assemblies, in  0.281 seconds
Native extension for WindowsStandalone target not found
Native extension for Android target not found
Native extension for WebGL target not found
Mono: successfully reloaded assembly
- Finished resetting the current domain, in  0.761 seconds
Domain Reload Profiling: 1042ms
	BeginReloadAssembly (108ms)
		ExecutionOrderSort (0ms)
		DisableScriptedObjects (4ms)
		BackupInstance (0ms)
		ReleaseScriptingObjects (0ms)
		CreateAndSetChildDomain (27ms)
	RebuildCommonClasses (24ms)
	RebuildNativeTypeToScriptingClass (7ms)
	initialDomainReloadingComplete (15ms)
	LoadAllAssembliesAndSetupDomain (127ms)
		LoadAssemblies (171ms)
		RebuildTransferFunctionScriptingTraits (0ms)
		AnalyzeDomain (9ms)
			TypeCache.Refresh (4ms)
				TypeCache.ScanAssembly (0ms)
			ScanForSourceGeneratedMonoScriptInfo (0ms)
			ResolveRequiredComponents (4ms)
	FinalizeReload (761ms)
		ReleaseScriptCaches (0ms)
		RebuildScriptCaches (0ms)
		SetupLoadedEditorAssemblies (411ms)
			LogAssemblyErrors (0ms)
			InitializePlatformSupportModulesInManaged (10ms)
			SetLoadedEditorAssemblies (4ms)
			RefreshPlugins (0ms)
			BeforeProcessingInitializeOnLoad (48ms)
			ProcessInitializeOnLoadAttributes (320ms)
			ProcessInitializeOnLoadMethodAttributes (27ms)
			AfterProcessingInitializeOnLoad (2ms)
			EditorAssembliesLoaded (0ms)
		ExecutionOrderSort2 (0ms)
		AwakeInstancesAfterBackupRestoration (9ms)
Refreshing native plugins compatible for Editor in 1.81 ms, found 3 plugins.
Preloading 0 native plugins for Editor in 0.00 ms.
Unloading 3443 Unused Serialized files (Serialized files now loaded: 0)
Unloading 26 unused Assets / (195.3 KB). Loaded Objects now: 3968.
Memory consumption went from 131.4 MB to 131.2 MB.
Total: 4.879000 ms (FindLiveObjects: 0.690700 ms CreateObjectMapping: 0.079900 ms MarkObjects: 3.925500 ms  DeleteObjects: 0.179900 ms)

Prepare: number of updated asset objects reloaded= 0
AssetImportParameters requested are different than current active one (requested -> active):
  custom:scripting/monoscript/fileName/TCP2_GradientManager.cs: fcc0eade98cac5b7275979695df635bb -> 
  custom:scripting/monoscript/fileName/MaterialInspector_SG2.cs: 8e87db41a3a0c328381e02b96642d5ed -> 
  custom:container-demuxer-ogg: 62fdf1f143b41e24485cea50d1cbac27 -> 
  custom:scripting/monoscript/fileName/TCP2_ShaderGeneratorUtils.cs: 60f19fd12c7e608165239da51b7c9347 -> 
  custom:scripting/monoscript/fileName/MaterialInspector_Hybrid.cs: dd0479f081972fc1bd8117e9b8a3c19c -> 
  custom:scripting/monoscript/fileName/UIFeatures.cs: 4fdc490df447934db2a1c1930602ea90 -> 
  custom:video-codec-MediaFoundation-h265: 746d11721c4dcdbdad8f713fa42b33f4 -> 
  custom:video-decoder-ogg-theora: a1e56fd34408186e4bbccfd4996cb3dc -> 
  custom:scripting/monoscript/fileName/TCP2_GetPosOnWater_Editor.cs: f070524cbf80cc182ddafc23e9b0c865 -> 
  custom:framework-win-MediaFoundation: 216162199b28c13a410421893ffa2e32 -> 
  custom:scripting/monoscript/fileName/TCP2_Demo_GammaLinear.cs: b35f68aa1d552cb4d1a4ec6c926c0f0b -> 
  custom:scripting/monoscript/fileName/TCP2_GUI.cs: 1338930458367abb0020a550450a40ac -> 
  custom:scripting/monoscript/fileName/TCP2_Demo_Interactive.cs: c0fc773abdf677858f2b632324822fc1 -> 
  custom:scripting/monoscript/fileName/TCP2_Demo_Interactive_Content.cs: af5c3adfbee3ee106cc636b55f10baea -> 
  custom:scripting/monoscript/fileName/TCP2_RuntimeUtils.cs: 6234d1c0df7a9f06c3c188e83442ae85 -> 
  custom:scripting/monoscript/fileName/TCP2_Demo_InvertedMaskImage.cs: ffd3558dbe2bfe9f162715877425f894 -> 
  custom:scripting/monoscript/fileName/ReorderableLayoutList.cs: 9ba7bd4c991c73731c821315ffcd1d38 -> 
  custom:scripting/monoscript/fileName/TCP2_Demo.cs: f66526b53badb7ad665229520cd3259d -> 
  custom:CustomObjectIndexerAttribute: 9a22284fe3817be447336de3de66b15e -> 
  custom:scripting/monoscript/fileName/TCP2_Demo_PBS_View.cs: c54dfb82e8364e406c25d94e7503bb47 -> 
  custom:scripting/monoscript/fileName/Tooltip.cs: 6d98b883b77bd4eb3be7c69498228e5b -> efbd10c978725fde614599dc839eb715
  custom:scripting/monoscript/fileName/TCP2_Demo_Cat.cs: ddce114892a3e78f308d54f7c0d40e51 -> 
  custom:container-demuxer-webm: 4f35f7cbe854078d1ac9338744f61a02 -> 
  custom:scripting/monoscript/fileName/TCP2_Demo_AutoRotate.cs: 0567dee0421ae0886b132939e2b454c8 -> 
  custom:scripting/monoscript/fileName/TCP2_Utils.cs: d281bbd614b05954e715119ffb4e24b0 -> 
  custom:scripting/monoscript/fileName/TCP2_MaterialInspector_PBS_SG.cs: 854a75f3d615b0c507e87b45b4a3c6d0 -> 
  custom:scripting/monoscript/fileName/TCP2_Menu.cs: 88e64115b36f2d5f17b21666c38f240d -> 
  custom:scripting/monoscript/fileName/TCP2_Demo_Interactive_Environment.cs: 08147bc20b048c5b5aea073f2107a938 -> 
  custom:scripting/monoscript/fileName/Config.cs: fae96f2b91a511890105fb9b95d24d0b -> 
  custom:scripting/monoscript/fileName/TCP2_CameraDepth.cs: 78d341a8ab5c83f87f48439841cfe550 -> 
  custom:container-muxer-webm: aa71ff27fc2769a1b78a27578f13a17b -> 
  custom:video-decoder-webm-vp8: 9c59270c3fd7afecdb556c50c9e8de78 -> 
  custom:scripting/monoscript/fileName/TCP2_Demo_AnimateMaterial.cs: 36cd3afdb13edf651922a70330252de1 -> 
  custom:scripting/monoscript/fileName/TCP2_ShaderUpdateUnityTime_Editor.cs: c0adbd8b2cef361b0d030b13795a28f1 -> 
  custom:SearchIndexIgnoredProperties: e643bd26f0fe6173181afceb89e7c659 -> 
  custom:scripting/monoscript/fileName/TCP2_ShaderGenerator.UIFeatures.cs: 1d2933bc56d7311d0449931f9ae688f2 -> 
  custom:AudioImporter_EditorPlatform: d09bf68614088b80899f8185d706f6e7 -> 
  custom:scripting/monoscript/fileName/Serialization.cs: a597a656351bb23afb778cbe20ff24fa -> dd6acf6845fbd366eebfbdc457fca7bf
  custom:scripting/monoscript/fileName/TCP2_MaterialInspector_SurfacePBS_SG.cs: 88b6aab46ec263e3f285a8b01039276b -> 
  custom:scripting/monoscript/fileName/BloomGraphDrawer.cs: 9600e9f64d67dabab17944976945a2fa -> 
  custom:scripting/monoscript/fileName/TCP2_ShaderUpdateUnityTime.cs: 61bb3190525b24acadb5199bc561b249 -> 
  custom:scripting/monoscript/fileName/TCP2_PlanarReflection.cs: 09ded59f42b98316a095fe201bedfef7 -> 
  custom:scripting/monoscript/fileName/TCP2_RampGenerator.cs: eaec3e604e38ce2a529b64230727e120 -> 
  custom:scripting/monoscript/fileName/SGUILayout.cs: 9a748d27fc237893445b0be72a0a383e -> 
  custom:scripting/monoscript/fileName/ShaderGenerator2.cs: e5295c95a591168ca7cb39a3ade1c16c -> 
  custom:scripting/monoscript/fileName/TCP2_MaterialInspector_SG.cs: 831645fb097b4502f2682dac3160ce44 -> 
  custom:scripting/monoscript/fileName/ShaderProperty.CustomMaterialProperty.cs: bc66a2637169b9e3b0a7518af3f83ec8 -> 
  custom:scripting/monoscript/fileName/TCP2_Demo_Camera.cs: cb4db1febccc2c4e09ec7a6d23187ea7 -> 
  custom:scripting/monoscript/fileName/TCP2_Demo_View.cs: 7e6099098a9785fde276519acfef40f1 -> 
  custom:scripting/monoscript/fileName/TCP2_Config.cs: f4d22248fc55d9b99738808a615b972c -> 
  custom:video-encoder-webm-vp8: eb34c28f22e8b96e1ab97ce403110664 -> 
  custom:scripting/monoscript/fileName/TCP2_MaterialInspector.cs: 1f5ad91034ee25bbec41e2eeabf5a3bd -> 
  custom:scripting/monoscript/fileName/TCP2_GetPosOnWater.cs: 09fece8a0755d1b11f9fdf3eb77dcbc0 -> 
  custom:scripting/monoscript/fileName/Bloom.cs: e82d119aa2efdcbdd1539124121b585d -> 6f6d579a64201b97313a62a1e91b3575
  custom:audio-decoder-ogg-vorbis: bf7c407c2cedff20999df2af8eb42d56 -> 
  custom:scripting/monoscript/fileName/ShaderProperty.cs: 82bb21d4405e65966350eb3cb56ff024 -> 
  custom:scripting/monoscript/fileName/ShaderProperty.Implementations.cs: 832c102de82f04cdc65de110fef55bbe -> 
  custom:scripting/monoscript/fileName/GlobalOptions.cs: fe6494fa426a8040736381ebbdd122c8 -> 
  custom:scripting/monoscript/fileName/TCP2_OutlineInspector.cs: 65523a4924160d9a16e9359205373c7a -> 
  custom:scripting/monoscript/fileName/TCP2_ExpressionParser.cs: 2d12153f030e7001c6e8dd49a9c830ab -> 
  custom:scripting/monoscript/fileName/TCP2_MaterialInspector_PBS.cs: 6b7e84d2fcbb320e53bf430f9d42cf27 -> 
  custom:scripting/monoscript/fileName/TCP2_SmoothedNormalsUtility.cs: d0c50f866cd0458673f04524aac330ab -> 
  custom:scripting/monoscript/fileName/CodeInjection.cs: 53eca25ffbc932bdcc2f182b3a74b3ef -> 
  custom:scripting/monoscript/fileName/BloomEditor.cs: a48a482d8411f395a95a3ae16e7ee54d -> c341bb26b40744c3a5c2a142ac3e1051
  custom:scripting/monoscript/fileName/TCP2_Demo_PBS.cs: bf0261dde914e2ef482e8008955d4b0e -> 
  custom:audio-encoder-webm-vorbis: bf7c407c2cedff20999df2af8eb42d56 -> 
  custom:scripting/monoscript/fileName/Template.cs: 955ddae9cda1c5cb75f6ed421335be29 -> 
  custom:scripting/monoscript/fileName/Module.cs: 778e7a9ccb860ce5ee06b85a41592eb7 -> 9cffc223e3cf6968fcbc7ffa33b894e5
========================================================================
Received Prepare
Caller must complete domain reload
Begin MonoManager ReloadAssembly
- Loaded All Assemblies, in  0.282 seconds
Native extension for WindowsStandalone target not found
Native extension for Android target not found
Native extension for WebGL target not found
Mono: successfully reloaded assembly
- Finished resetting the current domain, in  0.781 seconds
Domain Reload Profiling: 1063ms
	BeginReloadAssembly (104ms)
		ExecutionOrderSort (0ms)
		DisableScriptedObjects (3ms)
		BackupInstance (0ms)
		ReleaseScriptingObjects (0ms)
		CreateAndSetChildDomain (26ms)
	RebuildCommonClasses (20ms)
	RebuildNativeTypeToScriptingClass (7ms)
	initialDomainReloadingComplete (17ms)
	LoadAllAssembliesAndSetupDomain (134ms)
		LoadAssemblies (171ms)
		RebuildTransferFunctionScriptingTraits (0ms)
		AnalyzeDomain (11ms)
			TypeCache.Refresh (5ms)
				TypeCache.ScanAssembly (0ms)
			ScanForSourceGeneratedMonoScriptInfo (0ms)
			ResolveRequiredComponents (5ms)
	FinalizeReload (782ms)
		ReleaseScriptCaches (0ms)
		RebuildScriptCaches (0ms)
		SetupLoadedEditorAssemblies (434ms)
			LogAssemblyErrors (0ms)
			InitializePlatformSupportModulesInManaged (10ms)
			SetLoadedEditorAssemblies (3ms)
			RefreshPlugins (0ms)
			BeforeProcessingInitializeOnLoad (43ms)
			ProcessInitializeOnLoadAttributes (340ms)
			ProcessInitializeOnLoadMethodAttributes (35ms)
			AfterProcessingInitializeOnLoad (3ms)
			EditorAssembliesLoaded (0ms)
		ExecutionOrderSort2 (0ms)
		AwakeInstancesAfterBackupRestoration (11ms)
Refreshing native plugins compatible for Editor in 2.55 ms, found 3 plugins.
Preloading 0 native plugins for Editor in 0.00 ms.
Unloading 3443 Unused Serialized files (Serialized files now loaded: 0)
Unloading 26 unused Assets / (195.4 KB). Loaded Objects now: 3972.
Memory consumption went from 131.4 MB to 131.2 MB.
Total: 5.728600 ms (FindLiveObjects: 0.647500 ms CreateObjectMapping: 0.179500 ms MarkObjects: 4.665800 ms  DeleteObjects: 0.233200 ms)

Prepare: number of updated asset objects reloaded= 0
AssetImportParameters requested are different than current active one (requested -> active):
  custom:scripting/monoscript/fileName/TCP2_GradientManager.cs: fcc0eade98cac5b7275979695df635bb -> 
  custom:scripting/monoscript/fileName/MaterialInspector_SG2.cs: 8e87db41a3a0c328381e02b96642d5ed -> 
  custom:container-demuxer-ogg: 62fdf1f143b41e24485cea50d1cbac27 -> 
  custom:scripting/monoscript/fileName/TCP2_ShaderGeneratorUtils.cs: 60f19fd12c7e608165239da51b7c9347 -> 
  custom:scripting/monoscript/fileName/MaterialInspector_Hybrid.cs: dd0479f081972fc1bd8117e9b8a3c19c -> 
  custom:scripting/monoscript/fileName/UIFeatures.cs: 4fdc490df447934db2a1c1930602ea90 -> 
  custom:video-codec-MediaFoundation-h265: 746d11721c4dcdbdad8f713fa42b33f4 -> 
  custom:video-decoder-ogg-theora: a1e56fd34408186e4bbccfd4996cb3dc -> 
  custom:scripting/monoscript/fileName/TCP2_GetPosOnWater_Editor.cs: f070524cbf80cc182ddafc23e9b0c865 -> 
  custom:framework-win-MediaFoundation: 216162199b28c13a410421893ffa2e32 -> 
  custom:scripting/monoscript/fileName/TCP2_Demo_GammaLinear.cs: b35f68aa1d552cb4d1a4ec6c926c0f0b -> 
  custom:scripting/monoscript/fileName/TCP2_GUI.cs: 1338930458367abb0020a550450a40ac -> 
  custom:scripting/monoscript/fileName/TCP2_Demo_Interactive.cs: c0fc773abdf677858f2b632324822fc1 -> 
  custom:scripting/monoscript/fileName/TCP2_Demo_Interactive_Content.cs: af5c3adfbee3ee106cc636b55f10baea -> 
  custom:scripting/monoscript/fileName/TCP2_RuntimeUtils.cs: 6234d1c0df7a9f06c3c188e83442ae85 -> 
  custom:scripting/monoscript/fileName/TCP2_Demo_InvertedMaskImage.cs: ffd3558dbe2bfe9f162715877425f894 -> 
  custom:scripting/monoscript/fileName/ReorderableLayoutList.cs: 9ba7bd4c991c73731c821315ffcd1d38 -> 
  custom:scripting/monoscript/fileName/TCP2_Demo.cs: f66526b53badb7ad665229520cd3259d -> 
  custom:CustomObjectIndexerAttribute: 9a22284fe3817be447336de3de66b15e -> 
  custom:scripting/monoscript/fileName/TCP2_Demo_PBS_View.cs: c54dfb82e8364e406c25d94e7503bb47 -> 
  custom:scripting/monoscript/fileName/Tooltip.cs: 6d98b883b77bd4eb3be7c69498228e5b -> efbd10c978725fde614599dc839eb715
  custom:scripting/monoscript/fileName/TCP2_Demo_Cat.cs: ddce114892a3e78f308d54f7c0d40e51 -> 
  custom:container-demuxer-webm: 4f35f7cbe854078d1ac9338744f61a02 -> 
  custom:scripting/monoscript/fileName/TCP2_Demo_AutoRotate.cs: 0567dee0421ae0886b132939e2b454c8 -> 
  custom:scripting/monoscript/fileName/TCP2_Utils.cs: d281bbd614b05954e715119ffb4e24b0 -> 
  custom:scripting/monoscript/fileName/TCP2_MaterialInspector_PBS_SG.cs: 854a75f3d615b0c507e87b45b4a3c6d0 -> 
  custom:scripting/monoscript/fileName/TCP2_Menu.cs: 88e64115b36f2d5f17b21666c38f240d -> 
  custom:scripting/monoscript/fileName/TCP2_Demo_Interactive_Environment.cs: 08147bc20b048c5b5aea073f2107a938 -> 
  custom:scripting/monoscript/fileName/Config.cs: fae96f2b91a511890105fb9b95d24d0b -> 
  custom:scripting/monoscript/fileName/TCP2_CameraDepth.cs: 78d341a8ab5c83f87f48439841cfe550 -> 
  custom:container-muxer-webm: aa71ff27fc2769a1b78a27578f13a17b -> 
  custom:video-decoder-webm-vp8: 9c59270c3fd7afecdb556c50c9e8de78 -> 
  custom:scripting/monoscript/fileName/TCP2_Demo_AnimateMaterial.cs: 36cd3afdb13edf651922a70330252de1 -> 
  custom:scripting/monoscript/fileName/TCP2_ShaderUpdateUnityTime_Editor.cs: c0adbd8b2cef361b0d030b13795a28f1 -> 
  custom:SearchIndexIgnoredProperties: e643bd26f0fe6173181afceb89e7c659 -> 
  custom:scripting/monoscript/fileName/TCP2_ShaderGenerator.UIFeatures.cs: 1d2933bc56d7311d0449931f9ae688f2 -> 
  custom:AudioImporter_EditorPlatform: d09bf68614088b80899f8185d706f6e7 -> 
  custom:scripting/monoscript/fileName/Serialization.cs: a597a656351bb23afb778cbe20ff24fa -> dd6acf6845fbd366eebfbdc457fca7bf
  custom:scripting/monoscript/fileName/TCP2_MaterialInspector_SurfacePBS_SG.cs: 88b6aab46ec263e3f285a8b01039276b -> 
  custom:scripting/monoscript/fileName/BloomGraphDrawer.cs: 9600e9f64d67dabab17944976945a2fa -> 
  custom:scripting/monoscript/fileName/TCP2_ShaderUpdateUnityTime.cs: 61bb3190525b24acadb5199bc561b249 -> 
  custom:scripting/monoscript/fileName/TCP2_PlanarReflection.cs: 09ded59f42b98316a095fe201bedfef7 -> 
  custom:scripting/monoscript/fileName/TCP2_RampGenerator.cs: eaec3e604e38ce2a529b64230727e120 -> 
  custom:scripting/monoscript/fileName/SGUILayout.cs: 9a748d27fc237893445b0be72a0a383e -> 
  custom:scripting/monoscript/fileName/ShaderGenerator2.cs: e5295c95a591168ca7cb39a3ade1c16c -> 
  custom:scripting/monoscript/fileName/TCP2_MaterialInspector_SG.cs: 831645fb097b4502f2682dac3160ce44 -> 
  custom:scripting/monoscript/fileName/ShaderProperty.CustomMaterialProperty.cs: bc66a2637169b9e3b0a7518af3f83ec8 -> 
  custom:scripting/monoscript/fileName/TCP2_Demo_Camera.cs: cb4db1febccc2c4e09ec7a6d23187ea7 -> 
  custom:scripting/monoscript/fileName/TCP2_Demo_View.cs: 7e6099098a9785fde276519acfef40f1 -> 
  custom:scripting/monoscript/fileName/TCP2_Config.cs: f4d22248fc55d9b99738808a615b972c -> 
  custom:video-encoder-webm-vp8: eb34c28f22e8b96e1ab97ce403110664 -> 
  custom:scripting/monoscript/fileName/TCP2_MaterialInspector.cs: 1f5ad91034ee25bbec41e2eeabf5a3bd -> 
  custom:scripting/monoscript/fileName/TCP2_GetPosOnWater.cs: 09fece8a0755d1b11f9fdf3eb77dcbc0 -> 
  custom:scripting/monoscript/fileName/Bloom.cs: e82d119aa2efdcbdd1539124121b585d -> 6f6d579a64201b97313a62a1e91b3575
  custom:audio-decoder-ogg-vorbis: bf7c407c2cedff20999df2af8eb42d56 -> 
  custom:scripting/monoscript/fileName/ShaderProperty.cs: 82bb21d4405e65966350eb3cb56ff024 -> 
  custom:scripting/monoscript/fileName/ShaderProperty.Implementations.cs: 832c102de82f04cdc65de110fef55bbe -> 
  custom:scripting/monoscript/fileName/GlobalOptions.cs: fe6494fa426a8040736381ebbdd122c8 -> 
  custom:scripting/monoscript/fileName/TCP2_OutlineInspector.cs: 65523a4924160d9a16e9359205373c7a -> 
  custom:scripting/monoscript/fileName/TCP2_ExpressionParser.cs: 2d12153f030e7001c6e8dd49a9c830ab -> 
  custom:scripting/monoscript/fileName/TCP2_MaterialInspector_PBS.cs: 6b7e84d2fcbb320e53bf430f9d42cf27 -> 
  custom:scripting/monoscript/fileName/TCP2_SmoothedNormalsUtility.cs: d0c50f866cd0458673f04524aac330ab -> 
  custom:scripting/monoscript/fileName/CodeInjection.cs: 53eca25ffbc932bdcc2f182b3a74b3ef -> 
  custom:scripting/monoscript/fileName/BloomEditor.cs: a48a482d8411f395a95a3ae16e7ee54d -> c341bb26b40744c3a5c2a142ac3e1051
  custom:scripting/monoscript/fileName/TCP2_Demo_PBS.cs: bf0261dde914e2ef482e8008955d4b0e -> 
  custom:audio-encoder-webm-vorbis: bf7c407c2cedff20999df2af8eb42d56 -> 
  custom:scripting/monoscript/fileName/Template.cs: 955ddae9cda1c5cb75f6ed421335be29 -> 
  custom:scripting/monoscript/fileName/Module.cs: 778e7a9ccb860ce5ee06b85a41592eb7 -> 9cffc223e3cf6968fcbc7ffa33b894e5
========================================================================
Received Prepare
Caller must complete domain reload
Begin MonoManager ReloadAssembly
- Loaded All Assemblies, in  0.290 seconds
Native extension for WindowsStandalone target not found
Native extension for Android target not found
Native extension for WebGL target not found
Mono: successfully reloaded assembly
- Finished resetting the current domain, in  0.957 seconds
Domain Reload Profiling: 1247ms
	BeginReloadAssembly (107ms)
		ExecutionOrderSort (0ms)
		DisableScriptedObjects (3ms)
		BackupInstance (0ms)
		ReleaseScriptingObjects (0ms)
		CreateAndSetChildDomain (27ms)
	RebuildCommonClasses (19ms)
	RebuildNativeTypeToScriptingClass (7ms)
	initialDomainReloadingComplete (15ms)
	LoadAllAssembliesAndSetupDomain (142ms)
		LoadAssemblies (181ms)
		RebuildTransferFunctionScriptingTraits (0ms)
		AnalyzeDomain (12ms)
			TypeCache.Refresh (5ms)
				TypeCache.ScanAssembly (0ms)
			ScanForSourceGeneratedMonoScriptInfo (0ms)
			ResolveRequiredComponents (5ms)
	FinalizeReload (958ms)
		ReleaseScriptCaches (0ms)
		RebuildScriptCaches (0ms)
		SetupLoadedEditorAssemblies (490ms)
			LogAssemblyErrors (0ms)
			InitializePlatformSupportModulesInManaged (17ms)
			SetLoadedEditorAssemblies (4ms)
			RefreshPlugins (0ms)
			BeforeProcessingInitializeOnLoad (57ms)
			ProcessInitializeOnLoadAttributes (381ms)
			ProcessInitializeOnLoadMethodAttributes (27ms)
			AfterProcessingInitializeOnLoad (3ms)
			EditorAssembliesLoaded (0ms)
		ExecutionOrderSort2 (0ms)
		AwakeInstancesAfterBackupRestoration (9ms)
Refreshing native plugins compatible for Editor in 2.90 ms, found 3 plugins.
Preloading 0 native plugins for Editor in 0.00 ms.
Unloading 3443 Unused Serialized files (Serialized files now loaded: 0)
Unloading 26 unused Assets / (195.3 KB). Loaded Objects now: 3976.
Memory consumption went from 131.4 MB to 131.3 MB.
Total: 4.055600 ms (FindLiveObjects: 0.291600 ms CreateObjectMapping: 0.070900 ms MarkObjects: 3.508400 ms  DeleteObjects: 0.183600 ms)

Prepare: number of updated asset objects reloaded= 0
AssetImportParameters requested are different than current active one (requested -> active):
  custom:scripting/monoscript/fileName/TCP2_GradientManager.cs: fcc0eade98cac5b7275979695df635bb -> 
  custom:scripting/monoscript/fileName/MaterialInspector_SG2.cs: 8e87db41a3a0c328381e02b96642d5ed -> 
  custom:container-demuxer-ogg: 62fdf1f143b41e24485cea50d1cbac27 -> 
  custom:scripting/monoscript/fileName/TCP2_ShaderGeneratorUtils.cs: 60f19fd12c7e608165239da51b7c9347 -> 
  custom:scripting/monoscript/fileName/MaterialInspector_Hybrid.cs: dd0479f081972fc1bd8117e9b8a3c19c -> 
  custom:scripting/monoscript/fileName/UIFeatures.cs: 4fdc490df447934db2a1c1930602ea90 -> 
  custom:video-codec-MediaFoundation-h265: 746d11721c4dcdbdad8f713fa42b33f4 -> 
  custom:video-decoder-ogg-theora: a1e56fd34408186e4bbccfd4996cb3dc -> 
  custom:scripting/monoscript/fileName/TCP2_GetPosOnWater_Editor.cs: f070524cbf80cc182ddafc23e9b0c865 -> 
  custom:framework-win-MediaFoundation: 216162199b28c13a410421893ffa2e32 -> 
  custom:scripting/monoscript/fileName/TCP2_Demo_GammaLinear.cs: b35f68aa1d552cb4d1a4ec6c926c0f0b -> 
  custom:scripting/monoscript/fileName/TCP2_GUI.cs: 1338930458367abb0020a550450a40ac -> 
  custom:scripting/monoscript/fileName/TCP2_Demo_Interactive.cs: c0fc773abdf677858f2b632324822fc1 -> 
  custom:scripting/monoscript/fileName/TCP2_Demo_Interactive_Content.cs: af5c3adfbee3ee106cc636b55f10baea -> 
  custom:scripting/monoscript/fileName/TCP2_RuntimeUtils.cs: 6234d1c0df7a9f06c3c188e83442ae85 -> 
  custom:scripting/monoscript/fileName/TCP2_Demo_InvertedMaskImage.cs: ffd3558dbe2bfe9f162715877425f894 -> 
  custom:scripting/monoscript/fileName/ReorderableLayoutList.cs: 9ba7bd4c991c73731c821315ffcd1d38 -> 
  custom:scripting/monoscript/fileName/TCP2_Demo.cs: f66526b53badb7ad665229520cd3259d -> 
  custom:CustomObjectIndexerAttribute: 9a22284fe3817be447336de3de66b15e -> 
  custom:scripting/monoscript/fileName/TCP2_Demo_PBS_View.cs: c54dfb82e8364e406c25d94e7503bb47 -> 
  custom:scripting/monoscript/fileName/Tooltip.cs: 6d98b883b77bd4eb3be7c69498228e5b -> efbd10c978725fde614599dc839eb715
  custom:scripting/monoscript/fileName/TCP2_Demo_Cat.cs: ddce114892a3e78f308d54f7c0d40e51 -> 
  custom:container-demuxer-webm: 4f35f7cbe854078d1ac9338744f61a02 -> 
  custom:scripting/monoscript/fileName/TCP2_Demo_AutoRotate.cs: 0567dee0421ae0886b132939e2b454c8 -> 
  custom:scripting/monoscript/fileName/TCP2_Utils.cs: d281bbd614b05954e715119ffb4e24b0 -> 
  custom:scripting/monoscript/fileName/TCP2_MaterialInspector_PBS_SG.cs: 854a75f3d615b0c507e87b45b4a3c6d0 -> 
  custom:scripting/monoscript/fileName/TCP2_Menu.cs: 88e64115b36f2d5f17b21666c38f240d -> 
  custom:scripting/monoscript/fileName/TCP2_Demo_Interactive_Environment.cs: 08147bc20b048c5b5aea073f2107a938 -> 
  custom:scripting/monoscript/fileName/Config.cs: fae96f2b91a511890105fb9b95d24d0b -> 
  custom:scripting/monoscript/fileName/TCP2_CameraDepth.cs: 78d341a8ab5c83f87f48439841cfe550 -> 
  custom:container-muxer-webm: aa71ff27fc2769a1b78a27578f13a17b -> 
  custom:video-decoder-webm-vp8: 9c59270c3fd7afecdb556c50c9e8de78 -> 
  custom:scripting/monoscript/fileName/TCP2_Demo_AnimateMaterial.cs: 36cd3afdb13edf651922a70330252de1 -> 
  custom:scripting/monoscript/fileName/TCP2_ShaderUpdateUnityTime_Editor.cs: c0adbd8b2cef361b0d030b13795a28f1 -> 
  custom:SearchIndexIgnoredProperties: e643bd26f0fe6173181afceb89e7c659 -> 
  custom:scripting/monoscript/fileName/TCP2_ShaderGenerator.UIFeatures.cs: 1d2933bc56d7311d0449931f9ae688f2 -> 
  custom:AudioImporter_EditorPlatform: d09bf68614088b80899f8185d706f6e7 -> 
  custom:scripting/monoscript/fileName/Serialization.cs: a597a656351bb23afb778cbe20ff24fa -> dd6acf6845fbd366eebfbdc457fca7bf
  custom:scripting/monoscript/fileName/TCP2_MaterialInspector_SurfacePBS_SG.cs: 88b6aab46ec263e3f285a8b01039276b -> 
  custom:scripting/monoscript/fileName/BloomGraphDrawer.cs: 9600e9f64d67dabab17944976945a2fa -> 
  custom:scripting/monoscript/fileName/TCP2_ShaderUpdateUnityTime.cs: 61bb3190525b24acadb5199bc561b249 -> 
  custom:scripting/monoscript/fileName/TCP2_PlanarReflection.cs: 09ded59f42b98316a095fe201bedfef7 -> 
  custom:scripting/monoscript/fileName/TCP2_RampGenerator.cs: eaec3e604e38ce2a529b64230727e120 -> 
  custom:scripting/monoscript/fileName/SGUILayout.cs: 9a748d27fc237893445b0be72a0a383e -> 
  custom:scripting/monoscript/fileName/ShaderGenerator2.cs: e5295c95a591168ca7cb39a3ade1c16c -> 
  custom:scripting/monoscript/fileName/TCP2_MaterialInspector_SG.cs: 831645fb097b4502f2682dac3160ce44 -> 
  custom:scripting/monoscript/fileName/ShaderProperty.CustomMaterialProperty.cs: bc66a2637169b9e3b0a7518af3f83ec8 -> 
  custom:scripting/monoscript/fileName/TCP2_Demo_Camera.cs: cb4db1febccc2c4e09ec7a6d23187ea7 -> 
  custom:scripting/monoscript/fileName/TCP2_Demo_View.cs: 7e6099098a9785fde276519acfef40f1 -> 
  custom:scripting/monoscript/fileName/TCP2_Config.cs: f4d22248fc55d9b99738808a615b972c -> 
  custom:video-encoder-webm-vp8: eb34c28f22e8b96e1ab97ce403110664 -> 
  custom:scripting/monoscript/fileName/TCP2_MaterialInspector.cs: 1f5ad91034ee25bbec41e2eeabf5a3bd -> 
  custom:scripting/monoscript/fileName/TCP2_GetPosOnWater.cs: 09fece8a0755d1b11f9fdf3eb77dcbc0 -> 
  custom:scripting/monoscript/fileName/Bloom.cs: e82d119aa2efdcbdd1539124121b585d -> 6f6d579a64201b97313a62a1e91b3575
  custom:audio-decoder-ogg-vorbis: bf7c407c2cedff20999df2af8eb42d56 -> 
  custom:scripting/monoscript/fileName/ShaderProperty.cs: 82bb21d4405e65966350eb3cb56ff024 -> 
  custom:scripting/monoscript/fileName/ShaderProperty.Implementations.cs: 832c102de82f04cdc65de110fef55bbe -> 
  custom:scripting/monoscript/fileName/GlobalOptions.cs: fe6494fa426a8040736381ebbdd122c8 -> 
  custom:scripting/monoscript/fileName/TCP2_OutlineInspector.cs: 65523a4924160d9a16e9359205373c7a -> 
  custom:scripting/monoscript/fileName/TCP2_ExpressionParser.cs: 2d12153f030e7001c6e8dd49a9c830ab -> 
  custom:scripting/monoscript/fileName/TCP2_MaterialInspector_PBS.cs: 6b7e84d2fcbb320e53bf430f9d42cf27 -> 
  custom:scripting/monoscript/fileName/TCP2_SmoothedNormalsUtility.cs: d0c50f866cd0458673f04524aac330ab -> 
  custom:scripting/monoscript/fileName/CodeInjection.cs: 53eca25ffbc932bdcc2f182b3a74b3ef -> 
  custom:scripting/monoscript/fileName/BloomEditor.cs: a48a482d8411f395a95a3ae16e7ee54d -> c341bb26b40744c3a5c2a142ac3e1051
  custom:scripting/monoscript/fileName/TCP2_Demo_PBS.cs: bf0261dde914e2ef482e8008955d4b0e -> 
  custom:audio-encoder-webm-vorbis: bf7c407c2cedff20999df2af8eb42d56 -> 
  custom:scripting/monoscript/fileName/Template.cs: 955ddae9cda1c5cb75f6ed421335be29 -> 
  custom:scripting/monoscript/fileName/Module.cs: 778e7a9ccb860ce5ee06b85a41592eb7 -> 9cffc223e3cf6968fcbc7ffa33b894e5
========================================================================
Received Prepare
Caller must complete domain reload
Begin MonoManager ReloadAssembly
- Loaded All Assemblies, in  0.289 seconds
Native extension for WindowsStandalone target not found
Native extension for Android target not found
Native extension for WebGL target not found
Mono: successfully reloaded assembly
- Finished resetting the current domain, in  0.706 seconds
Domain Reload Profiling: 995ms
	BeginReloadAssembly (117ms)
		ExecutionOrderSort (0ms)
		DisableScriptedObjects (4ms)
		BackupInstance (0ms)
		ReleaseScriptingObjects (0ms)
		CreateAndSetChildDomain (29ms)
	RebuildCommonClasses (25ms)
	RebuildNativeTypeToScriptingClass (10ms)
	initialDomainReloadingComplete (16ms)
	LoadAllAssembliesAndSetupDomain (120ms)
		LoadAssemblies (170ms)
		RebuildTransferFunctionScriptingTraits (0ms)
		AnalyzeDomain (10ms)
			TypeCache.Refresh (5ms)
				TypeCache.ScanAssembly (0ms)
			ScanForSourceGeneratedMonoScriptInfo (0ms)
			ResolveRequiredComponents (3ms)
	FinalizeReload (707ms)
		ReleaseScriptCaches (0ms)
		RebuildScriptCaches (0ms)
		SetupLoadedEditorAssemblies (351ms)
			LogAssemblyErrors (0ms)
			InitializePlatformSupportModulesInManaged (15ms)
			SetLoadedEditorAssemblies (4ms)
			RefreshPlugins (0ms)
			BeforeProcessingInitializeOnLoad (45ms)
			ProcessInitializeOnLoadAttributes (256ms)
			ProcessInitializeOnLoadMethodAttributes (27ms)
			AfterProcessingInitializeOnLoad (3ms)
			EditorAssembliesLoaded (0ms)
		ExecutionOrderSort2 (0ms)
		AwakeInstancesAfterBackupRestoration (11ms)
Refreshing native plugins compatible for Editor in 2.32 ms, found 3 plugins.
Preloading 0 native plugins for Editor in 0.00 ms.
Unloading 3443 Unused Serialized files (Serialized files now loaded: 0)
Unloading 26 unused Assets / (195.3 KB). Loaded Objects now: 3980.
Memory consumption went from 131.4 MB to 131.3 MB.
Total: 5.673000 ms (FindLiveObjects: 0.688700 ms CreateObjectMapping: 0.191700 ms MarkObjects: 4.588600 ms  DeleteObjects: 0.202700 ms)

Prepare: number of updated asset objects reloaded= 0
AssetImportParameters requested are different than current active one (requested -> active):
  custom:scripting/monoscript/fileName/TCP2_GradientManager.cs: fcc0eade98cac5b7275979695df635bb -> 
  custom:scripting/monoscript/fileName/MaterialInspector_SG2.cs: 8e87db41a3a0c328381e02b96642d5ed -> 
  custom:container-demuxer-ogg: 62fdf1f143b41e24485cea50d1cbac27 -> 
  custom:scripting/monoscript/fileName/TCP2_ShaderGeneratorUtils.cs: 60f19fd12c7e608165239da51b7c9347 -> 
  custom:scripting/monoscript/fileName/MaterialInspector_Hybrid.cs: dd0479f081972fc1bd8117e9b8a3c19c -> 
  custom:scripting/monoscript/fileName/UIFeatures.cs: 4fdc490df447934db2a1c1930602ea90 -> 
  custom:video-codec-MediaFoundation-h265: 746d11721c4dcdbdad8f713fa42b33f4 -> 
  custom:video-decoder-ogg-theora: a1e56fd34408186e4bbccfd4996cb3dc -> 
  custom:scripting/monoscript/fileName/TCP2_GetPosOnWater_Editor.cs: f070524cbf80cc182ddafc23e9b0c865 -> 
  custom:framework-win-MediaFoundation: 216162199b28c13a410421893ffa2e32 -> 
  custom:scripting/monoscript/fileName/TCP2_Demo_GammaLinear.cs: b35f68aa1d552cb4d1a4ec6c926c0f0b -> 
  custom:scripting/monoscript/fileName/TCP2_GUI.cs: 1338930458367abb0020a550450a40ac -> 
  custom:scripting/monoscript/fileName/TCP2_Demo_Interactive.cs: c0fc773abdf677858f2b632324822fc1 -> 
  custom:scripting/monoscript/fileName/TCP2_Demo_Interactive_Content.cs: af5c3adfbee3ee106cc636b55f10baea -> 
  custom:scripting/monoscript/fileName/TCP2_RuntimeUtils.cs: 6234d1c0df7a9f06c3c188e83442ae85 -> 
  custom:scripting/monoscript/fileName/TCP2_Demo_InvertedMaskImage.cs: ffd3558dbe2bfe9f162715877425f894 -> 
  custom:scripting/monoscript/fileName/ReorderableLayoutList.cs: 9ba7bd4c991c73731c821315ffcd1d38 -> 
  custom:scripting/monoscript/fileName/TCP2_Demo.cs: f66526b53badb7ad665229520cd3259d -> 
  custom:CustomObjectIndexerAttribute: 9a22284fe3817be447336de3de66b15e -> 
  custom:scripting/monoscript/fileName/TCP2_Demo_PBS_View.cs: c54dfb82e8364e406c25d94e7503bb47 -> 
  custom:scripting/monoscript/fileName/Tooltip.cs: 6d98b883b77bd4eb3be7c69498228e5b -> efbd10c978725fde614599dc839eb715
  custom:scripting/monoscript/fileName/TCP2_Demo_Cat.cs: ddce114892a3e78f308d54f7c0d40e51 -> 
  custom:container-demuxer-webm: 4f35f7cbe854078d1ac9338744f61a02 -> 
  custom:scripting/monoscript/fileName/TCP2_Demo_AutoRotate.cs: 0567dee0421ae0886b132939e2b454c8 -> 
  custom:scripting/monoscript/fileName/TCP2_Utils.cs: d281bbd614b05954e715119ffb4e24b0 -> 
  custom:scripting/monoscript/fileName/TCP2_MaterialInspector_PBS_SG.cs: 854a75f3d615b0c507e87b45b4a3c6d0 -> 
  custom:scripting/monoscript/fileName/TCP2_Menu.cs: 88e64115b36f2d5f17b21666c38f240d -> 
  custom:scripting/monoscript/fileName/TCP2_Demo_Interactive_Environment.cs: 08147bc20b048c5b5aea073f2107a938 -> 
  custom:scripting/monoscript/fileName/Config.cs: fae96f2b91a511890105fb9b95d24d0b -> 
  custom:scripting/monoscript/fileName/TCP2_CameraDepth.cs: 78d341a8ab5c83f87f48439841cfe550 -> 
  custom:container-muxer-webm: aa71ff27fc2769a1b78a27578f13a17b -> 
  custom:video-decoder-webm-vp8: 9c59270c3fd7afecdb556c50c9e8de78 -> 
  custom:scripting/monoscript/fileName/TCP2_Demo_AnimateMaterial.cs: 36cd3afdb13edf651922a70330252de1 -> 
  custom:scripting/monoscript/fileName/TCP2_ShaderUpdateUnityTime_Editor.cs: c0adbd8b2cef361b0d030b13795a28f1 -> 
  custom:SearchIndexIgnoredProperties: e643bd26f0fe6173181afceb89e7c659 -> 
  custom:scripting/monoscript/fileName/TCP2_ShaderGenerator.UIFeatures.cs: 1d2933bc56d7311d0449931f9ae688f2 -> 
  custom:AudioImporter_EditorPlatform: d09bf68614088b80899f8185d706f6e7 -> 
  custom:scripting/monoscript/fileName/Serialization.cs: a597a656351bb23afb778cbe20ff24fa -> dd6acf6845fbd366eebfbdc457fca7bf
  custom:scripting/monoscript/fileName/TCP2_MaterialInspector_SurfacePBS_SG.cs: 88b6aab46ec263e3f285a8b01039276b -> 
  custom:scripting/monoscript/fileName/BloomGraphDrawer.cs: 9600e9f64d67dabab17944976945a2fa -> 
  custom:scripting/monoscript/fileName/TCP2_ShaderUpdateUnityTime.cs: 61bb3190525b24acadb5199bc561b249 -> 
  custom:scripting/monoscript/fileName/TCP2_PlanarReflection.cs: 09ded59f42b98316a095fe201bedfef7 -> 
  custom:scripting/monoscript/fileName/TCP2_RampGenerator.cs: eaec3e604e38ce2a529b64230727e120 -> 
  custom:scripting/monoscript/fileName/SGUILayout.cs: 9a748d27fc237893445b0be72a0a383e -> 
  custom:scripting/monoscript/fileName/ShaderGenerator2.cs: e5295c95a591168ca7cb39a3ade1c16c -> 
  custom:scripting/monoscript/fileName/TCP2_MaterialInspector_SG.cs: 831645fb097b4502f2682dac3160ce44 -> 
  custom:scripting/monoscript/fileName/ShaderProperty.CustomMaterialProperty.cs: bc66a2637169b9e3b0a7518af3f83ec8 -> 
  custom:scripting/monoscript/fileName/TCP2_Demo_Camera.cs: cb4db1febccc2c4e09ec7a6d23187ea7 -> 
  custom:scripting/monoscript/fileName/TCP2_Demo_View.cs: 7e6099098a9785fde276519acfef40f1 -> 
  custom:scripting/monoscript/fileName/TCP2_Config.cs: f4d22248fc55d9b99738808a615b972c -> 
  custom:video-encoder-webm-vp8: eb34c28f22e8b96e1ab97ce403110664 -> 
  custom:scripting/monoscript/fileName/TCP2_MaterialInspector.cs: 1f5ad91034ee25bbec41e2eeabf5a3bd -> 
  custom:scripting/monoscript/fileName/TCP2_GetPosOnWater.cs: 09fece8a0755d1b11f9fdf3eb77dcbc0 -> 
  custom:scripting/monoscript/fileName/Bloom.cs: e82d119aa2efdcbdd1539124121b585d -> 6f6d579a64201b97313a62a1e91b3575
  custom:audio-decoder-ogg-vorbis: bf7c407c2cedff20999df2af8eb42d56 -> 
  custom:scripting/monoscript/fileName/ShaderProperty.cs: 82bb21d4405e65966350eb3cb56ff024 -> 
  custom:scripting/monoscript/fileName/ShaderProperty.Implementations.cs: 832c102de82f04cdc65de110fef55bbe -> 
  custom:scripting/monoscript/fileName/GlobalOptions.cs: fe6494fa426a8040736381ebbdd122c8 -> 
  custom:scripting/monoscript/fileName/TCP2_OutlineInspector.cs: 65523a4924160d9a16e9359205373c7a -> 
  custom:scripting/monoscript/fileName/TCP2_ExpressionParser.cs: 2d12153f030e7001c6e8dd49a9c830ab -> 
  custom:scripting/monoscript/fileName/TCP2_MaterialInspector_PBS.cs: 6b7e84d2fcbb320e53bf430f9d42cf27 -> 
  custom:scripting/monoscript/fileName/TCP2_SmoothedNormalsUtility.cs: d0c50f866cd0458673f04524aac330ab -> 
  custom:scripting/monoscript/fileName/CodeInjection.cs: 53eca25ffbc932bdcc2f182b3a74b3ef -> 
  custom:scripting/monoscript/fileName/BloomEditor.cs: a48a482d8411f395a95a3ae16e7ee54d -> c341bb26b40744c3a5c2a142ac3e1051
  custom:scripting/monoscript/fileName/TCP2_Demo_PBS.cs: bf0261dde914e2ef482e8008955d4b0e -> 
  custom:audio-encoder-webm-vorbis: bf7c407c2cedff20999df2af8eb42d56 -> 
  custom:scripting/monoscript/fileName/Template.cs: 955ddae9cda1c5cb75f6ed421335be29 -> 
  custom:scripting/monoscript/fileName/Module.cs: 778e7a9ccb860ce5ee06b85a41592eb7 -> 9cffc223e3cf6968fcbc7ffa33b894e5
========================================================================
Received Prepare
Caller must complete domain reload
Begin MonoManager ReloadAssembly
- Loaded All Assemblies, in  0.287 seconds
Native extension for WindowsStandalone target not found
Native extension for Android target not found
Native extension for WebGL target not found
Mono: successfully reloaded assembly
- Finished resetting the current domain, in  0.638 seconds
Domain Reload Profiling: 925ms
	BeginReloadAssembly (105ms)
		ExecutionOrderSort (0ms)
		DisableScriptedObjects (3ms)
		BackupInstance (0ms)
		ReleaseScriptingObjects (0ms)
		CreateAndSetChildDomain (27ms)
	RebuildCommonClasses (23ms)
	RebuildNativeTypeToScriptingClass (10ms)
	initialDomainReloadingComplete (19ms)
	LoadAllAssembliesAndSetupDomain (130ms)
		LoadAssemblies (170ms)
		RebuildTransferFunctionScriptingTraits (0ms)
		AnalyzeDomain (12ms)
			TypeCache.Refresh (5ms)
				TypeCache.ScanAssembly (0ms)
			ScanForSourceGeneratedMonoScriptInfo (0ms)
			ResolveRequiredComponents (5ms)
	FinalizeReload (639ms)
		ReleaseScriptCaches (0ms)
		RebuildScriptCaches (0ms)
		SetupLoadedEditorAssemblies (294ms)
			LogAssemblyErrors (0ms)
			InitializePlatformSupportModulesInManaged (10ms)
			SetLoadedEditorAssemblies (4ms)
			RefreshPlugins (0ms)
			BeforeProcessingInitializeOnLoad (43ms)
			ProcessInitializeOnLoadAttributes (222ms)
			ProcessInitializeOnLoadMethodAttributes (15ms)
			AfterProcessingInitializeOnLoad (1ms)
			EditorAssembliesLoaded (0ms)
		ExecutionOrderSort2 (0ms)
		AwakeInstancesAfterBackupRestoration (6ms)
Refreshing native plugins compatible for Editor in 2.34 ms, found 3 plugins.
Preloading 0 native plugins for Editor in 0.00 ms.
Unloading 3443 Unused Serialized files (Serialized files now loaded: 0)
Unloading 26 unused Assets / (195.3 KB). Loaded Objects now: 3984.
Memory consumption went from 131.5 MB to 131.3 MB.
Total: 3.691100 ms (FindLiveObjects: 0.714700 ms CreateObjectMapping: 0.071500 ms MarkObjects: 2.732900 ms  DeleteObjects: 0.170400 ms)

Prepare: number of updated asset objects reloaded= 0
AssetImportParameters requested are different than current active one (requested -> active):
  custom:scripting/monoscript/fileName/TCP2_GradientManager.cs: fcc0eade98cac5b7275979695df635bb -> 
  custom:scripting/monoscript/fileName/MaterialInspector_SG2.cs: 8e87db41a3a0c328381e02b96642d5ed -> 
  custom:container-demuxer-ogg: 62fdf1f143b41e24485cea50d1cbac27 -> 
  custom:scripting/monoscript/fileName/TCP2_ShaderGeneratorUtils.cs: 60f19fd12c7e608165239da51b7c9347 -> 
  custom:scripting/monoscript/fileName/MaterialInspector_Hybrid.cs: dd0479f081972fc1bd8117e9b8a3c19c -> 
  custom:scripting/monoscript/fileName/UIFeatures.cs: 4fdc490df447934db2a1c1930602ea90 -> 
  custom:video-codec-MediaFoundation-h265: 746d11721c4dcdbdad8f713fa42b33f4 -> 
  custom:video-decoder-ogg-theora: a1e56fd34408186e4bbccfd4996cb3dc -> 
  custom:scripting/monoscript/fileName/TCP2_GetPosOnWater_Editor.cs: f070524cbf80cc182ddafc23e9b0c865 -> 
  custom:framework-win-MediaFoundation: 216162199b28c13a410421893ffa2e32 -> 
  custom:scripting/monoscript/fileName/TCP2_Demo_GammaLinear.cs: b35f68aa1d552cb4d1a4ec6c926c0f0b -> 
  custom:scripting/monoscript/fileName/TCP2_GUI.cs: 1338930458367abb0020a550450a40ac -> 
  custom:scripting/monoscript/fileName/TCP2_Demo_Interactive.cs: c0fc773abdf677858f2b632324822fc1 -> 
  custom:scripting/monoscript/fileName/TCP2_Demo_Interactive_Content.cs: af5c3adfbee3ee106cc636b55f10baea -> 
  custom:scripting/monoscript/fileName/TCP2_RuntimeUtils.cs: 6234d1c0df7a9f06c3c188e83442ae85 -> 
  custom:scripting/monoscript/fileName/TCP2_Demo_InvertedMaskImage.cs: ffd3558dbe2bfe9f162715877425f894 -> 
  custom:scripting/monoscript/fileName/ReorderableLayoutList.cs: 9ba7bd4c991c73731c821315ffcd1d38 -> 
  custom:scripting/monoscript/fileName/TCP2_Demo.cs: f66526b53badb7ad665229520cd3259d -> 
  custom:CustomObjectIndexerAttribute: 9a22284fe3817be447336de3de66b15e -> 
  custom:scripting/monoscript/fileName/TCP2_Demo_PBS_View.cs: c54dfb82e8364e406c25d94e7503bb47 -> 
  custom:scripting/monoscript/fileName/Tooltip.cs: 6d98b883b77bd4eb3be7c69498228e5b -> efbd10c978725fde614599dc839eb715
  custom:scripting/monoscript/fileName/TCP2_Demo_Cat.cs: ddce114892a3e78f308d54f7c0d40e51 -> 
  custom:container-demuxer-webm: 4f35f7cbe854078d1ac9338744f61a02 -> 
  custom:scripting/monoscript/fileName/TCP2_Demo_AutoRotate.cs: 0567dee0421ae0886b132939e2b454c8 -> 
  custom:scripting/monoscript/fileName/TCP2_Utils.cs: d281bbd614b05954e715119ffb4e24b0 -> 
  custom:scripting/monoscript/fileName/TCP2_MaterialInspector_PBS_SG.cs: 854a75f3d615b0c507e87b45b4a3c6d0 -> 
  custom:scripting/monoscript/fileName/TCP2_Menu.cs: 88e64115b36f2d5f17b21666c38f240d -> 
  custom:scripting/monoscript/fileName/TCP2_Demo_Interactive_Environment.cs: 08147bc20b048c5b5aea073f2107a938 -> 
  custom:scripting/monoscript/fileName/Config.cs: fae96f2b91a511890105fb9b95d24d0b -> 
  custom:scripting/monoscript/fileName/TCP2_CameraDepth.cs: 78d341a8ab5c83f87f48439841cfe550 -> 
  custom:container-muxer-webm: aa71ff27fc2769a1b78a27578f13a17b -> 
  custom:video-decoder-webm-vp8: 9c59270c3fd7afecdb556c50c9e8de78 -> 
  custom:scripting/monoscript/fileName/TCP2_Demo_AnimateMaterial.cs: 36cd3afdb13edf651922a70330252de1 -> 
  custom:scripting/monoscript/fileName/TCP2_ShaderUpdateUnityTime_Editor.cs: c0adbd8b2cef361b0d030b13795a28f1 -> 
  custom:SearchIndexIgnoredProperties: e643bd26f0fe6173181afceb89e7c659 -> 
  custom:scripting/monoscript/fileName/TCP2_ShaderGenerator.UIFeatures.cs: 1d2933bc56d7311d0449931f9ae688f2 -> 
  custom:AudioImporter_EditorPlatform: d09bf68614088b80899f8185d706f6e7 -> 
  custom:scripting/monoscript/fileName/Serialization.cs: a597a656351bb23afb778cbe20ff24fa -> dd6acf6845fbd366eebfbdc457fca7bf
  custom:scripting/monoscript/fileName/TCP2_MaterialInspector_SurfacePBS_SG.cs: 88b6aab46ec263e3f285a8b01039276b -> 
  custom:scripting/monoscript/fileName/BloomGraphDrawer.cs: 9600e9f64d67dabab17944976945a2fa -> 
  custom:scripting/monoscript/fileName/TCP2_ShaderUpdateUnityTime.cs: 61bb3190525b24acadb5199bc561b249 -> 
  custom:scripting/monoscript/fileName/TCP2_PlanarReflection.cs: 09ded59f42b98316a095fe201bedfef7 -> 
  custom:scripting/monoscript/fileName/TCP2_RampGenerator.cs: eaec3e604e38ce2a529b64230727e120 -> 
  custom:scripting/monoscript/fileName/SGUILayout.cs: 9a748d27fc237893445b0be72a0a383e -> 
  custom:scripting/monoscript/fileName/ShaderGenerator2.cs: e5295c95a591168ca7cb39a3ade1c16c -> 
  custom:scripting/monoscript/fileName/TCP2_MaterialInspector_SG.cs: 831645fb097b4502f2682dac3160ce44 -> 
  custom:scripting/monoscript/fileName/ShaderProperty.CustomMaterialProperty.cs: bc66a2637169b9e3b0a7518af3f83ec8 -> 
  custom:scripting/monoscript/fileName/TCP2_Demo_Camera.cs: cb4db1febccc2c4e09ec7a6d23187ea7 -> 
  custom:scripting/monoscript/fileName/TCP2_Demo_View.cs: 7e6099098a9785fde276519acfef40f1 -> 
  custom:scripting/monoscript/fileName/TCP2_Config.cs: f4d22248fc55d9b99738808a615b972c -> 
  custom:video-encoder-webm-vp8: eb34c28f22e8b96e1ab97ce403110664 -> 
  custom:scripting/monoscript/fileName/TCP2_MaterialInspector.cs: 1f5ad91034ee25bbec41e2eeabf5a3bd -> 
  custom:scripting/monoscript/fileName/TCP2_GetPosOnWater.cs: 09fece8a0755d1b11f9fdf3eb77dcbc0 -> 
  custom:scripting/monoscript/fileName/Bloom.cs: e82d119aa2efdcbdd1539124121b585d -> 6f6d579a64201b97313a62a1e91b3575
  custom:audio-decoder-ogg-vorbis: bf7c407c2cedff20999df2af8eb42d56 -> 
  custom:scripting/monoscript/fileName/ShaderProperty.cs: 82bb21d4405e65966350eb3cb56ff024 -> 
  custom:scripting/monoscript/fileName/ShaderProperty.Implementations.cs: 832c102de82f04cdc65de110fef55bbe -> 
  custom:scripting/monoscript/fileName/GlobalOptions.cs: fe6494fa426a8040736381ebbdd122c8 -> 
  custom:scripting/monoscript/fileName/TCP2_OutlineInspector.cs: 65523a4924160d9a16e9359205373c7a -> 
  custom:scripting/monoscript/fileName/TCP2_ExpressionParser.cs: 2d12153f030e7001c6e8dd49a9c830ab -> 
  custom:scripting/monoscript/fileName/TCP2_MaterialInspector_PBS.cs: 6b7e84d2fcbb320e53bf430f9d42cf27 -> 
  custom:scripting/monoscript/fileName/TCP2_SmoothedNormalsUtility.cs: d0c50f866cd0458673f04524aac330ab -> 
  custom:scripting/monoscript/fileName/CodeInjection.cs: 53eca25ffbc932bdcc2f182b3a74b3ef -> 
  custom:scripting/monoscript/fileName/BloomEditor.cs: a48a482d8411f395a95a3ae16e7ee54d -> c341bb26b40744c3a5c2a142ac3e1051
  custom:scripting/monoscript/fileName/TCP2_Demo_PBS.cs: bf0261dde914e2ef482e8008955d4b0e -> 
  custom:audio-encoder-webm-vorbis: bf7c407c2cedff20999df2af8eb42d56 -> 
  custom:scripting/monoscript/fileName/Template.cs: 955ddae9cda1c5cb75f6ed421335be29 -> 
  custom:scripting/monoscript/fileName/Module.cs: 778e7a9ccb860ce5ee06b85a41592eb7 -> 9cffc223e3cf6968fcbc7ffa33b894e5
========================================================================
Received Prepare
Caller must complete domain reload
Begin MonoManager ReloadAssembly
- Loaded All Assemblies, in  0.407 seconds
Native extension for WindowsStandalone target not found
Native extension for Android target not found
Native extension for WebGL target not found
Mono: successfully reloaded assembly
- Finished resetting the current domain, in  0.862 seconds
Domain Reload Profiling: 1269ms
	BeginReloadAssembly (149ms)
		ExecutionOrderSort (0ms)
		DisableScriptedObjects (6ms)
		BackupInstance (0ms)
		ReleaseScriptingObjects (0ms)
		CreateAndSetChildDomain (31ms)
	RebuildCommonClasses (37ms)
	RebuildNativeTypeToScriptingClass (10ms)
	initialDomainReloadingComplete (21ms)
	LoadAllAssembliesAndSetupDomain (190ms)
		LoadAssemblies (245ms)
		RebuildTransferFunctionScriptingTraits (0ms)
		AnalyzeDomain (31ms)
			TypeCache.Refresh (10ms)
				TypeCache.ScanAssembly (1ms)
			ScanForSourceGeneratedMonoScriptInfo (10ms)
			ResolveRequiredComponents (7ms)
	FinalizeReload (862ms)
		ReleaseScriptCaches (0ms)
		RebuildScriptCaches (0ms)
		SetupLoadedEditorAssemblies (391ms)
			LogAssemblyErrors (0ms)
			InitializePlatformSupportModulesInManaged (14ms)
			SetLoadedEditorAssemblies (3ms)
			RefreshPlugins (0ms)
			BeforeProcessingInitializeOnLoad (48ms)
			ProcessInitializeOnLoadAttributes (302ms)
			ProcessInitializeOnLoadMethodAttributes (20ms)
			AfterProcessingInitializeOnLoad (2ms)
			EditorAssembliesLoaded (0ms)
		ExecutionOrderSort2 (0ms)
		AwakeInstancesAfterBackupRestoration (6ms)
Refreshing native plugins compatible for Editor in 2.04 ms, found 3 plugins.
Preloading 0 native plugins for Editor in 0.00 ms.
Unloading 3443 Unused Serialized files (Serialized files now loaded: 0)
Unloading 26 unused Assets / (195.4 KB). Loaded Objects now: 3988.
Memory consumption went from 131.5 MB to 131.3 MB.
Total: 4.278000 ms (FindLiveObjects: 0.454500 ms CreateObjectMapping: 0.253400 ms MarkObjects: 3.428500 ms  DeleteObjects: 0.140300 ms)

Prepare: number of updated asset objects reloaded= 0
AssetImportParameters requested are different than current active one (requested -> active):
  custom:scripting/monoscript/fileName/TCP2_GradientManager.cs: fcc0eade98cac5b7275979695df635bb -> 
  custom:scripting/monoscript/fileName/MaterialInspector_SG2.cs: 8e87db41a3a0c328381e02b96642d5ed -> 
  custom:container-demuxer-ogg: 62fdf1f143b41e24485cea50d1cbac27 -> 
  custom:scripting/monoscript/fileName/TCP2_ShaderGeneratorUtils.cs: 60f19fd12c7e608165239da51b7c9347 -> 
  custom:scripting/monoscript/fileName/MaterialInspector_Hybrid.cs: dd0479f081972fc1bd8117e9b8a3c19c -> 
  custom:scripting/monoscript/fileName/UIFeatures.cs: 4fdc490df447934db2a1c1930602ea90 -> 
  custom:video-codec-MediaFoundation-h265: 746d11721c4dcdbdad8f713fa42b33f4 -> 
  custom:video-decoder-ogg-theora: a1e56fd34408186e4bbccfd4996cb3dc -> 
  custom:scripting/monoscript/fileName/TCP2_GetPosOnWater_Editor.cs: f070524cbf80cc182ddafc23e9b0c865 -> 
  custom:framework-win-MediaFoundation: 216162199b28c13a410421893ffa2e32 -> 
  custom:scripting/monoscript/fileName/TCP2_Demo_GammaLinear.cs: b35f68aa1d552cb4d1a4ec6c926c0f0b -> 
  custom:scripting/monoscript/fileName/TCP2_GUI.cs: 1338930458367abb0020a550450a40ac -> 
  custom:scripting/monoscript/fileName/TCP2_Demo_Interactive.cs: c0fc773abdf677858f2b632324822fc1 -> 
  custom:scripting/monoscript/fileName/TCP2_Demo_Interactive_Content.cs: af5c3adfbee3ee106cc636b55f10baea -> 
  custom:scripting/monoscript/fileName/TCP2_RuntimeUtils.cs: 6234d1c0df7a9f06c3c188e83442ae85 -> 
  custom:scripting/monoscript/fileName/TCP2_Demo_InvertedMaskImage.cs: ffd3558dbe2bfe9f162715877425f894 -> 
  custom:scripting/monoscript/fileName/ReorderableLayoutList.cs: 9ba7bd4c991c73731c821315ffcd1d38 -> 
  custom:scripting/monoscript/fileName/TCP2_Demo.cs: f66526b53badb7ad665229520cd3259d -> 
  custom:CustomObjectIndexerAttribute: 9a22284fe3817be447336de3de66b15e -> 
  custom:scripting/monoscript/fileName/TCP2_Demo_PBS_View.cs: c54dfb82e8364e406c25d94e7503bb47 -> 
  custom:scripting/monoscript/fileName/Tooltip.cs: 6d98b883b77bd4eb3be7c69498228e5b -> efbd10c978725fde614599dc839eb715
  custom:scripting/monoscript/fileName/TCP2_Demo_Cat.cs: ddce114892a3e78f308d54f7c0d40e51 -> 
  custom:container-demuxer-webm: 4f35f7cbe854078d1ac9338744f61a02 -> 
  custom:scripting/monoscript/fileName/TCP2_Demo_AutoRotate.cs: 0567dee0421ae0886b132939e2b454c8 -> 
  custom:scripting/monoscript/fileName/TCP2_Utils.cs: d281bbd614b05954e715119ffb4e24b0 -> 
  custom:scripting/monoscript/fileName/TCP2_MaterialInspector_PBS_SG.cs: 854a75f3d615b0c507e87b45b4a3c6d0 -> 
  custom:scripting/monoscript/fileName/TCP2_Menu.cs: 88e64115b36f2d5f17b21666c38f240d -> 
  custom:scripting/monoscript/fileName/TCP2_Demo_Interactive_Environment.cs: 08147bc20b048c5b5aea073f2107a938 -> 
  custom:scripting/monoscript/fileName/Config.cs: fae96f2b91a511890105fb9b95d24d0b -> 
  custom:scripting/monoscript/fileName/TCP2_CameraDepth.cs: 78d341a8ab5c83f87f48439841cfe550 -> 
  custom:container-muxer-webm: aa71ff27fc2769a1b78a27578f13a17b -> 
  custom:video-decoder-webm-vp8: 9c59270c3fd7afecdb556c50c9e8de78 -> 
  custom:scripting/monoscript/fileName/TCP2_Demo_AnimateMaterial.cs: 36cd3afdb13edf651922a70330252de1 -> 
  custom:scripting/monoscript/fileName/TCP2_ShaderUpdateUnityTime_Editor.cs: c0adbd8b2cef361b0d030b13795a28f1 -> 
  custom:SearchIndexIgnoredProperties: e643bd26f0fe6173181afceb89e7c659 -> 
  custom:scripting/monoscript/fileName/TCP2_ShaderGenerator.UIFeatures.cs: 1d2933bc56d7311d0449931f9ae688f2 -> 
  custom:AudioImporter_EditorPlatform: d09bf68614088b80899f8185d706f6e7 -> 
  custom:scripting/monoscript/fileName/Serialization.cs: a597a656351bb23afb778cbe20ff24fa -> dd6acf6845fbd366eebfbdc457fca7bf
  custom:scripting/monoscript/fileName/TCP2_MaterialInspector_SurfacePBS_SG.cs: 88b6aab46ec263e3f285a8b01039276b -> 
  custom:scripting/monoscript/fileName/BloomGraphDrawer.cs: 9600e9f64d67dabab17944976945a2fa -> 
  custom:scripting/monoscript/fileName/TCP2_ShaderUpdateUnityTime.cs: 61bb3190525b24acadb5199bc561b249 -> 
  custom:scripting/monoscript/fileName/TCP2_PlanarReflection.cs: 09ded59f42b98316a095fe201bedfef7 -> 
  custom:scripting/monoscript/fileName/TCP2_RampGenerator.cs: eaec3e604e38ce2a529b64230727e120 -> 
  custom:scripting/monoscript/fileName/SGUILayout.cs: 9a748d27fc237893445b0be72a0a383e -> 
  custom:scripting/monoscript/fileName/ShaderGenerator2.cs: e5295c95a591168ca7cb39a3ade1c16c -> 
  custom:scripting/monoscript/fileName/TCP2_MaterialInspector_SG.cs: 831645fb097b4502f2682dac3160ce44 -> 
  custom:scripting/monoscript/fileName/ShaderProperty.CustomMaterialProperty.cs: bc66a2637169b9e3b0a7518af3f83ec8 -> 
  custom:scripting/monoscript/fileName/TCP2_Demo_Camera.cs: cb4db1febccc2c4e09ec7a6d23187ea7 -> 
  custom:scripting/monoscript/fileName/TCP2_Demo_View.cs: 7e6099098a9785fde276519acfef40f1 -> 
  custom:scripting/monoscript/fileName/TCP2_Config.cs: f4d22248fc55d9b99738808a615b972c -> 
  custom:video-encoder-webm-vp8: eb34c28f22e8b96e1ab97ce403110664 -> 
  custom:scripting/monoscript/fileName/TCP2_MaterialInspector.cs: 1f5ad91034ee25bbec41e2eeabf5a3bd -> 
  custom:scripting/monoscript/fileName/TCP2_GetPosOnWater.cs: 09fece8a0755d1b11f9fdf3eb77dcbc0 -> 
  custom:scripting/monoscript/fileName/Bloom.cs: e82d119aa2efdcbdd1539124121b585d -> 6f6d579a64201b97313a62a1e91b3575
  custom:audio-decoder-ogg-vorbis: bf7c407c2cedff20999df2af8eb42d56 -> 
  custom:scripting/monoscript/fileName/ShaderProperty.cs: 82bb21d4405e65966350eb3cb56ff024 -> 
  custom:scripting/monoscript/fileName/ShaderProperty.Implementations.cs: 832c102de82f04cdc65de110fef55bbe -> 
  custom:scripting/monoscript/fileName/GlobalOptions.cs: fe6494fa426a8040736381ebbdd122c8 -> 
  custom:scripting/monoscript/fileName/TCP2_OutlineInspector.cs: 65523a4924160d9a16e9359205373c7a -> 
  custom:scripting/monoscript/fileName/TCP2_ExpressionParser.cs: 2d12153f030e7001c6e8dd49a9c830ab -> 
  custom:scripting/monoscript/fileName/TCP2_MaterialInspector_PBS.cs: 6b7e84d2fcbb320e53bf430f9d42cf27 -> 
  custom:scripting/monoscript/fileName/TCP2_SmoothedNormalsUtility.cs: d0c50f866cd0458673f04524aac330ab -> 
  custom:scripting/monoscript/fileName/CodeInjection.cs: 53eca25ffbc932bdcc2f182b3a74b3ef -> 
  custom:scripting/monoscript/fileName/BloomEditor.cs: a48a482d8411f395a95a3ae16e7ee54d -> c341bb26b40744c3a5c2a142ac3e1051
  custom:scripting/monoscript/fileName/TCP2_Demo_PBS.cs: bf0261dde914e2ef482e8008955d4b0e -> 
  custom:audio-encoder-webm-vorbis: bf7c407c2cedff20999df2af8eb42d56 -> 
  custom:scripting/monoscript/fileName/Template.cs: 955ddae9cda1c5cb75f6ed421335be29 -> 
  custom:scripting/monoscript/fileName/Module.cs: 778e7a9ccb860ce5ee06b85a41592eb7 -> 9cffc223e3cf6968fcbc7ffa33b894e5
========================================================================
Received Prepare
Caller must complete domain reload
Begin MonoManager ReloadAssembly
- Loaded All Assemblies, in  0.433 seconds
Native extension for WindowsStandalone target not found
Native extension for Android target not found
Native extension for WebGL target not found
Mono: successfully reloaded assembly
- Finished resetting the current domain, in  0.696 seconds
Domain Reload Profiling: 1128ms
	BeginReloadAssembly (133ms)
		ExecutionOrderSort (0ms)
		DisableScriptedObjects (4ms)
		BackupInstance (0ms)
		ReleaseScriptingObjects (0ms)
		CreateAndSetChildDomain (33ms)
	RebuildCommonClasses (43ms)
	RebuildNativeTypeToScriptingClass (15ms)
	initialDomainReloadingComplete (36ms)
	LoadAllAssembliesAndSetupDomain (203ms)
		LoadAssemblies (245ms)
		RebuildTransferFunctionScriptingTraits (0ms)
		AnalyzeDomain (27ms)
			TypeCache.Refresh (10ms)
				TypeCache.ScanAssembly (1ms)
			ScanForSourceGeneratedMonoScriptInfo (8ms)
			ResolveRequiredComponents (7ms)
	FinalizeReload (696ms)
		ReleaseScriptCaches (0ms)
		RebuildScriptCaches (0ms)
		SetupLoadedEditorAssemblies (279ms)
			LogAssemblyErrors (0ms)
			InitializePlatformSupportModulesInManaged (13ms)
			SetLoadedEditorAssemblies (4ms)
			RefreshPlugins (0ms)
			BeforeProcessingInitializeOnLoad (43ms)
			ProcessInitializeOnLoadAttributes (204ms)
			ProcessInitializeOnLoadMethodAttributes (13ms)
			AfterProcessingInitializeOnLoad (2ms)
			EditorAssembliesLoaded (0ms)
		ExecutionOrderSort2 (0ms)
		AwakeInstancesAfterBackupRestoration (6ms)
Refreshing native plugins compatible for Editor in 1.16 ms, found 3 plugins.
Preloading 0 native plugins for Editor in 0.00 ms.
Unloading 3443 Unused Serialized files (Serialized files now loaded: 0)
Unloading 26 unused Assets / (195.4 KB). Loaded Objects now: 3992.
Memory consumption went from 131.5 MB to 131.3 MB.
Total: 2.558000 ms (FindLiveObjects: 0.258500 ms CreateObjectMapping: 0.106600 ms MarkObjects: 2.115600 ms  DeleteObjects: 0.076500 ms)

Prepare: number of updated asset objects reloaded= 0
AssetImportParameters requested are different than current active one (requested -> active):
  custom:scripting/monoscript/fileName/TCP2_GradientManager.cs: fcc0eade98cac5b7275979695df635bb -> 
  custom:scripting/monoscript/fileName/MaterialInspector_SG2.cs: 8e87db41a3a0c328381e02b96642d5ed -> 
  custom:container-demuxer-ogg: 62fdf1f143b41e24485cea50d1cbac27 -> 
  custom:scripting/monoscript/fileName/TCP2_ShaderGeneratorUtils.cs: 60f19fd12c7e608165239da51b7c9347 -> 
  custom:scripting/monoscript/fileName/MaterialInspector_Hybrid.cs: dd0479f081972fc1bd8117e9b8a3c19c -> 
  custom:scripting/monoscript/fileName/UIFeatures.cs: 4fdc490df447934db2a1c1930602ea90 -> 
  custom:video-codec-MediaFoundation-h265: 746d11721c4dcdbdad8f713fa42b33f4 -> 
  custom:video-decoder-ogg-theora: a1e56fd34408186e4bbccfd4996cb3dc -> 
  custom:scripting/monoscript/fileName/TCP2_GetPosOnWater_Editor.cs: f070524cbf80cc182ddafc23e9b0c865 -> 
  custom:framework-win-MediaFoundation: 216162199b28c13a410421893ffa2e32 -> 
  custom:scripting/monoscript/fileName/TCP2_Demo_GammaLinear.cs: b35f68aa1d552cb4d1a4ec6c926c0f0b -> 
  custom:scripting/monoscript/fileName/TCP2_GUI.cs: 1338930458367abb0020a550450a40ac -> 
  custom:scripting/monoscript/fileName/TCP2_Demo_Interactive.cs: c0fc773abdf677858f2b632324822fc1 -> 
  custom:scripting/monoscript/fileName/TCP2_Demo_Interactive_Content.cs: af5c3adfbee3ee106cc636b55f10baea -> 
  custom:scripting/monoscript/fileName/TCP2_RuntimeUtils.cs: 6234d1c0df7a9f06c3c188e83442ae85 -> 
  custom:scripting/monoscript/fileName/TCP2_Demo_InvertedMaskImage.cs: ffd3558dbe2bfe9f162715877425f894 -> 
  custom:scripting/monoscript/fileName/ReorderableLayoutList.cs: 9ba7bd4c991c73731c821315ffcd1d38 -> 
  custom:scripting/monoscript/fileName/TCP2_Demo.cs: f66526b53badb7ad665229520cd3259d -> 
  custom:CustomObjectIndexerAttribute: 9a22284fe3817be447336de3de66b15e -> 
  custom:scripting/monoscript/fileName/TCP2_Demo_PBS_View.cs: c54dfb82e8364e406c25d94e7503bb47 -> 
  custom:scripting/monoscript/fileName/Tooltip.cs: 6d98b883b77bd4eb3be7c69498228e5b -> efbd10c978725fde614599dc839eb715
  custom:scripting/monoscript/fileName/TCP2_Demo_Cat.cs: ddce114892a3e78f308d54f7c0d40e51 -> 
  custom:container-demuxer-webm: 4f35f7cbe854078d1ac9338744f61a02 -> 
  custom:scripting/monoscript/fileName/TCP2_Demo_AutoRotate.cs: 0567dee0421ae0886b132939e2b454c8 -> 
  custom:scripting/monoscript/fileName/TCP2_Utils.cs: d281bbd614b05954e715119ffb4e24b0 -> 
  custom:scripting/monoscript/fileName/TCP2_MaterialInspector_PBS_SG.cs: 854a75f3d615b0c507e87b45b4a3c6d0 -> 
  custom:scripting/monoscript/fileName/TCP2_Menu.cs: 88e64115b36f2d5f17b21666c38f240d -> 
  custom:scripting/monoscript/fileName/TCP2_Demo_Interactive_Environment.cs: 08147bc20b048c5b5aea073f2107a938 -> 
  custom:scripting/monoscript/fileName/Config.cs: fae96f2b91a511890105fb9b95d24d0b -> 
  custom:scripting/monoscript/fileName/TCP2_CameraDepth.cs: 78d341a8ab5c83f87f48439841cfe550 -> 
  custom:container-muxer-webm: aa71ff27fc2769a1b78a27578f13a17b -> 
  custom:video-decoder-webm-vp8: 9c59270c3fd7afecdb556c50c9e8de78 -> 
  custom:scripting/monoscript/fileName/TCP2_Demo_AnimateMaterial.cs: 36cd3afdb13edf651922a70330252de1 -> 
  custom:scripting/monoscript/fileName/TCP2_ShaderUpdateUnityTime_Editor.cs: c0adbd8b2cef361b0d030b13795a28f1 -> 
  custom:SearchIndexIgnoredProperties: e643bd26f0fe6173181afceb89e7c659 -> 
  custom:scripting/monoscript/fileName/TCP2_ShaderGenerator.UIFeatures.cs: 1d2933bc56d7311d0449931f9ae688f2 -> 
  custom:AudioImporter_EditorPlatform: d09bf68614088b80899f8185d706f6e7 -> 
  custom:scripting/monoscript/fileName/Serialization.cs: a597a656351bb23afb778cbe20ff24fa -> dd6acf6845fbd366eebfbdc457fca7bf
  custom:scripting/monoscript/fileName/TCP2_MaterialInspector_SurfacePBS_SG.cs: 88b6aab46ec263e3f285a8b01039276b -> 
  custom:scripting/monoscript/fileName/BloomGraphDrawer.cs: 9600e9f64d67dabab17944976945a2fa -> 
  custom:scripting/monoscript/fileName/TCP2_ShaderUpdateUnityTime.cs: 61bb3190525b24acadb5199bc561b249 -> 
  custom:scripting/monoscript/fileName/TCP2_PlanarReflection.cs: 09ded59f42b98316a095fe201bedfef7 -> 
  custom:scripting/monoscript/fileName/TCP2_RampGenerator.cs: eaec3e604e38ce2a529b64230727e120 -> 
  custom:scripting/monoscript/fileName/SGUILayout.cs: 9a748d27fc237893445b0be72a0a383e -> 
  custom:scripting/monoscript/fileName/ShaderGenerator2.cs: e5295c95a591168ca7cb39a3ade1c16c -> 
  custom:scripting/monoscript/fileName/TCP2_MaterialInspector_SG.cs: 831645fb097b4502f2682dac3160ce44 -> 
  custom:scripting/monoscript/fileName/ShaderProperty.CustomMaterialProperty.cs: bc66a2637169b9e3b0a7518af3f83ec8 -> 
  custom:scripting/monoscript/fileName/TCP2_Demo_Camera.cs: cb4db1febccc2c4e09ec7a6d23187ea7 -> 
  custom:scripting/monoscript/fileName/TCP2_Demo_View.cs: 7e6099098a9785fde276519acfef40f1 -> 
  custom:scripting/monoscript/fileName/TCP2_Config.cs: f4d22248fc55d9b99738808a615b972c -> 
  custom:video-encoder-webm-vp8: eb34c28f22e8b96e1ab97ce403110664 -> 
  custom:scripting/monoscript/fileName/TCP2_MaterialInspector.cs: 1f5ad91034ee25bbec41e2eeabf5a3bd -> 
  custom:scripting/monoscript/fileName/TCP2_GetPosOnWater.cs: 09fece8a0755d1b11f9fdf3eb77dcbc0 -> 
  custom:scripting/monoscript/fileName/Bloom.cs: e82d119aa2efdcbdd1539124121b585d -> 6f6d579a64201b97313a62a1e91b3575
  custom:audio-decoder-ogg-vorbis: bf7c407c2cedff20999df2af8eb42d56 -> 
  custom:scripting/monoscript/fileName/ShaderProperty.cs: 82bb21d4405e65966350eb3cb56ff024 -> 
  custom:scripting/monoscript/fileName/ShaderProperty.Implementations.cs: 832c102de82f04cdc65de110fef55bbe -> 
  custom:scripting/monoscript/fileName/GlobalOptions.cs: fe6494fa426a8040736381ebbdd122c8 -> 
  custom:scripting/monoscript/fileName/TCP2_OutlineInspector.cs: 65523a4924160d9a16e9359205373c7a -> 
  custom:scripting/monoscript/fileName/TCP2_ExpressionParser.cs: 2d12153f030e7001c6e8dd49a9c830ab -> 
  custom:scripting/monoscript/fileName/TCP2_MaterialInspector_PBS.cs: 6b7e84d2fcbb320e53bf430f9d42cf27 -> 
  custom:scripting/monoscript/fileName/TCP2_SmoothedNormalsUtility.cs: d0c50f866cd0458673f04524aac330ab -> 
  custom:scripting/monoscript/fileName/CodeInjection.cs: 53eca25ffbc932bdcc2f182b3a74b3ef -> 
  custom:scripting/monoscript/fileName/BloomEditor.cs: a48a482d8411f395a95a3ae16e7ee54d -> c341bb26b40744c3a5c2a142ac3e1051
  custom:scripting/monoscript/fileName/TCP2_Demo_PBS.cs: bf0261dde914e2ef482e8008955d4b0e -> 
  custom:audio-encoder-webm-vorbis: bf7c407c2cedff20999df2af8eb42d56 -> 
  custom:scripting/monoscript/fileName/Template.cs: 955ddae9cda1c5cb75f6ed421335be29 -> 
  custom:scripting/monoscript/fileName/Module.cs: 778e7a9ccb860ce5ee06b85a41592eb7 -> 9cffc223e3cf6968fcbc7ffa33b894e5
========================================================================
Received Prepare
Caller must complete domain reload
Begin MonoManager ReloadAssembly
- Loaded All Assemblies, in  0.308 seconds
Native extension for WindowsStandalone target not found
Native extension for Android target not found
Native extension for WebGL target not found
Mono: successfully reloaded assembly
- Finished resetting the current domain, in  0.646 seconds
Domain Reload Profiling: 953ms
	BeginReloadAssembly (117ms)
		ExecutionOrderSort (0ms)
		DisableScriptedObjects (4ms)
		BackupInstance (0ms)
		ReleaseScriptingObjects (0ms)
		CreateAndSetChildDomain (27ms)
	RebuildCommonClasses (20ms)
	RebuildNativeTypeToScriptingClass (7ms)
	initialDomainReloadingComplete (17ms)
	LoadAllAssembliesAndSetupDomain (147ms)
		LoadAssemblies (195ms)
		RebuildTransferFunctionScriptingTraits (0ms)
		AnalyzeDomain (12ms)
			TypeCache.Refresh (4ms)
				TypeCache.ScanAssembly (0ms)
			ScanForSourceGeneratedMonoScriptInfo (0ms)
			ResolveRequiredComponents (5ms)
	FinalizeReload (646ms)
		ReleaseScriptCaches (0ms)
		RebuildScriptCaches (0ms)
		SetupLoadedEditorAssemblies (299ms)
			LogAssemblyErrors (0ms)
			InitializePlatformSupportModulesInManaged (10ms)
			SetLoadedEditorAssemblies (3ms)
			RefreshPlugins (0ms)
			BeforeProcessingInitializeOnLoad (44ms)
			ProcessInitializeOnLoadAttributes (218ms)
			ProcessInitializeOnLoadMethodAttributes (22ms)
			AfterProcessingInitializeOnLoad (2ms)
			EditorAssembliesLoaded (0ms)
		ExecutionOrderSort2 (0ms)
		AwakeInstancesAfterBackupRestoration (7ms)
Refreshing native plugins compatible for Editor in 2.29 ms, found 3 plugins.
Preloading 0 native plugins for Editor in 0.00 ms.
Unloading 3443 Unused Serialized files (Serialized files now loaded: 0)
Unloading 26 unused Assets / (195.5 KB). Loaded Objects now: 3996.
Memory consumption went from 131.5 MB to 131.3 MB.
Total: 4.039900 ms (FindLiveObjects: 0.466600 ms CreateObjectMapping: 0.145100 ms MarkObjects: 3.248600 ms  DeleteObjects: 0.177100 ms)

Prepare: number of updated asset objects reloaded= 0
AssetImportParameters requested are different than current active one (requested -> active):
  custom:scripting/monoscript/fileName/TCP2_GradientManager.cs: fcc0eade98cac5b7275979695df635bb -> 
  custom:scripting/monoscript/fileName/MaterialInspector_SG2.cs: 8e87db41a3a0c328381e02b96642d5ed -> 
  custom:container-demuxer-ogg: 62fdf1f143b41e24485cea50d1cbac27 -> 
  custom:scripting/monoscript/fileName/TCP2_ShaderGeneratorUtils.cs: 60f19fd12c7e608165239da51b7c9347 -> 
  custom:scripting/monoscript/fileName/MaterialInspector_Hybrid.cs: dd0479f081972fc1bd8117e9b8a3c19c -> 
  custom:scripting/monoscript/fileName/UIFeatures.cs: 4fdc490df447934db2a1c1930602ea90 -> 
  custom:video-codec-MediaFoundation-h265: 746d11721c4dcdbdad8f713fa42b33f4 -> 
  custom:video-decoder-ogg-theora: a1e56fd34408186e4bbccfd4996cb3dc -> 
  custom:scripting/monoscript/fileName/TCP2_GetPosOnWater_Editor.cs: f070524cbf80cc182ddafc23e9b0c865 -> 
  custom:framework-win-MediaFoundation: 216162199b28c13a410421893ffa2e32 -> 
  custom:scripting/monoscript/fileName/TCP2_Demo_GammaLinear.cs: b35f68aa1d552cb4d1a4ec6c926c0f0b -> 
  custom:scripting/monoscript/fileName/TCP2_GUI.cs: 1338930458367abb0020a550450a40ac -> 
  custom:scripting/monoscript/fileName/TCP2_Demo_Interactive.cs: c0fc773abdf677858f2b632324822fc1 -> 
  custom:scripting/monoscript/fileName/TCP2_Demo_Interactive_Content.cs: af5c3adfbee3ee106cc636b55f10baea -> 
  custom:scripting/monoscript/fileName/TCP2_RuntimeUtils.cs: 6234d1c0df7a9f06c3c188e83442ae85 -> 
  custom:scripting/monoscript/fileName/TCP2_Demo_InvertedMaskImage.cs: ffd3558dbe2bfe9f162715877425f894 -> 
  custom:scripting/monoscript/fileName/ReorderableLayoutList.cs: 9ba7bd4c991c73731c821315ffcd1d38 -> 
  custom:scripting/monoscript/fileName/TCP2_Demo.cs: f66526b53badb7ad665229520cd3259d -> 
  custom:CustomObjectIndexerAttribute: 9a22284fe3817be447336de3de66b15e -> 
  custom:scripting/monoscript/fileName/TCP2_Demo_PBS_View.cs: c54dfb82e8364e406c25d94e7503bb47 -> 
  custom:scripting/monoscript/fileName/Tooltip.cs: 6d98b883b77bd4eb3be7c69498228e5b -> efbd10c978725fde614599dc839eb715
  custom:scripting/monoscript/fileName/TCP2_Demo_Cat.cs: ddce114892a3e78f308d54f7c0d40e51 -> 
  custom:container-demuxer-webm: 4f35f7cbe854078d1ac9338744f61a02 -> 
  custom:scripting/monoscript/fileName/TCP2_Demo_AutoRotate.cs: 0567dee0421ae0886b132939e2b454c8 -> 
  custom:scripting/monoscript/fileName/TCP2_Utils.cs: d281bbd614b05954e715119ffb4e24b0 -> 
  custom:scripting/monoscript/fileName/TCP2_MaterialInspector_PBS_SG.cs: 854a75f3d615b0c507e87b45b4a3c6d0 -> 
  custom:scripting/monoscript/fileName/TCP2_Menu.cs: 88e64115b36f2d5f17b21666c38f240d -> 
  custom:scripting/monoscript/fileName/TCP2_Demo_Interactive_Environment.cs: 08147bc20b048c5b5aea073f2107a938 -> 
  custom:scripting/monoscript/fileName/Config.cs: fae96f2b91a511890105fb9b95d24d0b -> 
  custom:scripting/monoscript/fileName/TCP2_CameraDepth.cs: 78d341a8ab5c83f87f48439841cfe550 -> 
  custom:container-muxer-webm: aa71ff27fc2769a1b78a27578f13a17b -> 
  custom:video-decoder-webm-vp8: 9c59270c3fd7afecdb556c50c9e8de78 -> 
  custom:scripting/monoscript/fileName/TCP2_Demo_AnimateMaterial.cs: 36cd3afdb13edf651922a70330252de1 -> 
  custom:scripting/monoscript/fileName/TCP2_ShaderUpdateUnityTime_Editor.cs: c0adbd8b2cef361b0d030b13795a28f1 -> 
  custom:SearchIndexIgnoredProperties: e643bd26f0fe6173181afceb89e7c659 -> 
  custom:scripting/monoscript/fileName/TCP2_ShaderGenerator.UIFeatures.cs: 1d2933bc56d7311d0449931f9ae688f2 -> 
  custom:AudioImporter_EditorPlatform: d09bf68614088b80899f8185d706f6e7 -> 
  custom:scripting/monoscript/fileName/Serialization.cs: a597a656351bb23afb778cbe20ff24fa -> dd6acf6845fbd366eebfbdc457fca7bf
  custom:scripting/monoscript/fileName/TCP2_MaterialInspector_SurfacePBS_SG.cs: 88b6aab46ec263e3f285a8b01039276b -> 
  custom:scripting/monoscript/fileName/BloomGraphDrawer.cs: 9600e9f64d67dabab17944976945a2fa -> 
  custom:scripting/monoscript/fileName/TCP2_ShaderUpdateUnityTime.cs: 61bb3190525b24acadb5199bc561b249 -> 
  custom:scripting/monoscript/fileName/TCP2_PlanarReflection.cs: 09ded59f42b98316a095fe201bedfef7 -> 
  custom:scripting/monoscript/fileName/TCP2_RampGenerator.cs: eaec3e604e38ce2a529b64230727e120 -> 
  custom:scripting/monoscript/fileName/SGUILayout.cs: 9a748d27fc237893445b0be72a0a383e -> 
  custom:scripting/monoscript/fileName/ShaderGenerator2.cs: e5295c95a591168ca7cb39a3ade1c16c -> 
  custom:scripting/monoscript/fileName/TCP2_MaterialInspector_SG.cs: 831645fb097b4502f2682dac3160ce44 -> 
  custom:scripting/monoscript/fileName/ShaderProperty.CustomMaterialProperty.cs: bc66a2637169b9e3b0a7518af3f83ec8 -> 
  custom:scripting/monoscript/fileName/TCP2_Demo_Camera.cs: cb4db1febccc2c4e09ec7a6d23187ea7 -> 
  custom:scripting/monoscript/fileName/TCP2_Demo_View.cs: 7e6099098a9785fde276519acfef40f1 -> 
  custom:scripting/monoscript/fileName/TCP2_Config.cs: f4d22248fc55d9b99738808a615b972c -> 
  custom:video-encoder-webm-vp8: eb34c28f22e8b96e1ab97ce403110664 -> 
  custom:scripting/monoscript/fileName/TCP2_MaterialInspector.cs: 1f5ad91034ee25bbec41e2eeabf5a3bd -> 
  custom:scripting/monoscript/fileName/TCP2_GetPosOnWater.cs: 09fece8a0755d1b11f9fdf3eb77dcbc0 -> 
  custom:scripting/monoscript/fileName/Bloom.cs: e82d119aa2efdcbdd1539124121b585d -> 6f6d579a64201b97313a62a1e91b3575
  custom:audio-decoder-ogg-vorbis: bf7c407c2cedff20999df2af8eb42d56 -> 
  custom:scripting/monoscript/fileName/ShaderProperty.cs: 82bb21d4405e65966350eb3cb56ff024 -> 
  custom:scripting/monoscript/fileName/ShaderProperty.Implementations.cs: 832c102de82f04cdc65de110fef55bbe -> 
  custom:scripting/monoscript/fileName/GlobalOptions.cs: fe6494fa426a8040736381ebbdd122c8 -> 
  custom:scripting/monoscript/fileName/TCP2_OutlineInspector.cs: 65523a4924160d9a16e9359205373c7a -> 
  custom:scripting/monoscript/fileName/TCP2_ExpressionParser.cs: 2d12153f030e7001c6e8dd49a9c830ab -> 
  custom:scripting/monoscript/fileName/TCP2_MaterialInspector_PBS.cs: 6b7e84d2fcbb320e53bf430f9d42cf27 -> 
  custom:scripting/monoscript/fileName/TCP2_SmoothedNormalsUtility.cs: d0c50f866cd0458673f04524aac330ab -> 
  custom:scripting/monoscript/fileName/CodeInjection.cs: 53eca25ffbc932bdcc2f182b3a74b3ef -> 
  custom:scripting/monoscript/fileName/BloomEditor.cs: a48a482d8411f395a95a3ae16e7ee54d -> c341bb26b40744c3a5c2a142ac3e1051
  custom:scripting/monoscript/fileName/TCP2_Demo_PBS.cs: bf0261dde914e2ef482e8008955d4b0e -> 
  custom:audio-encoder-webm-vorbis: bf7c407c2cedff20999df2af8eb42d56 -> 
  custom:scripting/monoscript/fileName/Template.cs: 955ddae9cda1c5cb75f6ed421335be29 -> 
  custom:scripting/monoscript/fileName/Module.cs: 778e7a9ccb860ce5ee06b85a41592eb7 -> 9cffc223e3cf6968fcbc7ffa33b894e5
========================================================================
Received Prepare
Caller must complete domain reload
Begin MonoManager ReloadAssembly
- Loaded All Assemblies, in  0.299 seconds
Native extension for WindowsStandalone target not found
Native extension for Android target not found
Native extension for WebGL target not found
Mono: successfully reloaded assembly
- Finished resetting the current domain, in  0.694 seconds
Domain Reload Profiling: 993ms
	BeginReloadAssembly (118ms)
		ExecutionOrderSort (0ms)
		DisableScriptedObjects (3ms)
		BackupInstance (0ms)
		ReleaseScriptingObjects (0ms)
		CreateAndSetChildDomain (29ms)
	RebuildCommonClasses (24ms)
	RebuildNativeTypeToScriptingClass (10ms)
	initialDomainReloadingComplete (21ms)
	LoadAllAssembliesAndSetupDomain (126ms)
		LoadAssemblies (176ms)
		RebuildTransferFunctionScriptingTraits (0ms)
		AnalyzeDomain (9ms)
			TypeCache.Refresh (4ms)
				TypeCache.ScanAssembly (0ms)
			ScanForSourceGeneratedMonoScriptInfo (0ms)
			ResolveRequiredComponents (4ms)
	FinalizeReload (694ms)
		ReleaseScriptCaches (0ms)
		RebuildScriptCaches (0ms)
		SetupLoadedEditorAssemblies (344ms)
			LogAssemblyErrors (0ms)
			InitializePlatformSupportModulesInManaged (11ms)
			SetLoadedEditorAssemblies (4ms)
			RefreshPlugins (0ms)
			BeforeProcessingInitializeOnLoad (47ms)
			ProcessInitializeOnLoadAttributes (252ms)
			ProcessInitializeOnLoadMethodAttributes (27ms)
			AfterProcessingInitializeOnLoad (2ms)
			EditorAssembliesLoaded (0ms)
		ExecutionOrderSort2 (0ms)
		AwakeInstancesAfterBackupRestoration (8ms)
Refreshing native plugins compatible for Editor in 2.34 ms, found 3 plugins.
Preloading 0 native plugins for Editor in 0.00 ms.
Unloading 3443 Unused Serialized files (Serialized files now loaded: 0)
Unloading 26 unused Assets / (195.5 KB). Loaded Objects now: 4000.
Memory consumption went from 131.5 MB to 131.3 MB.
Total: 4.232700 ms (FindLiveObjects: 0.428000 ms CreateObjectMapping: 0.076200 ms MarkObjects: 3.599600 ms  DeleteObjects: 0.127800 ms)

Prepare: number of updated asset objects reloaded= 0
AssetImportParameters requested are different than current active one (requested -> active):
  custom:scripting/monoscript/fileName/TCP2_GradientManager.cs: fcc0eade98cac5b7275979695df635bb -> 
  custom:scripting/monoscript/fileName/MaterialInspector_SG2.cs: 8e87db41a3a0c328381e02b96642d5ed -> 
  custom:container-demuxer-ogg: 62fdf1f143b41e24485cea50d1cbac27 -> 
  custom:scripting/monoscript/fileName/TCP2_ShaderGeneratorUtils.cs: 60f19fd12c7e608165239da51b7c9347 -> 
  custom:scripting/monoscript/fileName/MaterialInspector_Hybrid.cs: dd0479f081972fc1bd8117e9b8a3c19c -> 
  custom:scripting/monoscript/fileName/UIFeatures.cs: 4fdc490df447934db2a1c1930602ea90 -> 
  custom:video-codec-MediaFoundation-h265: 746d11721c4dcdbdad8f713fa42b33f4 -> 
  custom:video-decoder-ogg-theora: a1e56fd34408186e4bbccfd4996cb3dc -> 
  custom:scripting/monoscript/fileName/TCP2_GetPosOnWater_Editor.cs: f070524cbf80cc182ddafc23e9b0c865 -> 
  custom:framework-win-MediaFoundation: 216162199b28c13a410421893ffa2e32 -> 
  custom:scripting/monoscript/fileName/TCP2_Demo_GammaLinear.cs: b35f68aa1d552cb4d1a4ec6c926c0f0b -> 
  custom:scripting/monoscript/fileName/TCP2_GUI.cs: 1338930458367abb0020a550450a40ac -> 
  custom:scripting/monoscript/fileName/TCP2_Demo_Interactive.cs: c0fc773abdf677858f2b632324822fc1 -> 
  custom:scripting/monoscript/fileName/TCP2_Demo_Interactive_Content.cs: af5c3adfbee3ee106cc636b55f10baea -> 
  custom:scripting/monoscript/fileName/TCP2_RuntimeUtils.cs: 6234d1c0df7a9f06c3c188e83442ae85 -> 
  custom:scripting/monoscript/fileName/TCP2_Demo_InvertedMaskImage.cs: ffd3558dbe2bfe9f162715877425f894 -> 
  custom:scripting/monoscript/fileName/ReorderableLayoutList.cs: 9ba7bd4c991c73731c821315ffcd1d38 -> 
  custom:scripting/monoscript/fileName/TCP2_Demo.cs: f66526b53badb7ad665229520cd3259d -> 
  custom:CustomObjectIndexerAttribute: 9a22284fe3817be447336de3de66b15e -> 
  custom:scripting/monoscript/fileName/TCP2_Demo_PBS_View.cs: c54dfb82e8364e406c25d94e7503bb47 -> 
  custom:scripting/monoscript/fileName/Tooltip.cs: 6d98b883b77bd4eb3be7c69498228e5b -> efbd10c978725fde614599dc839eb715
  custom:scripting/monoscript/fileName/TCP2_Demo_Cat.cs: ddce114892a3e78f308d54f7c0d40e51 -> 
  custom:container-demuxer-webm: 4f35f7cbe854078d1ac9338744f61a02 -> 
  custom:scripting/monoscript/fileName/TCP2_Demo_AutoRotate.cs: 0567dee0421ae0886b132939e2b454c8 -> 
  custom:scripting/monoscript/fileName/TCP2_Utils.cs: d281bbd614b05954e715119ffb4e24b0 -> 
  custom:scripting/monoscript/fileName/TCP2_MaterialInspector_PBS_SG.cs: 854a75f3d615b0c507e87b45b4a3c6d0 -> 
  custom:scripting/monoscript/fileName/TCP2_Menu.cs: 88e64115b36f2d5f17b21666c38f240d -> 
  custom:scripting/monoscript/fileName/TCP2_Demo_Interactive_Environment.cs: 08147bc20b048c5b5aea073f2107a938 -> 
  custom:scripting/monoscript/fileName/Config.cs: fae96f2b91a511890105fb9b95d24d0b -> 
  custom:scripting/monoscript/fileName/TCP2_CameraDepth.cs: 78d341a8ab5c83f87f48439841cfe550 -> 
  custom:container-muxer-webm: aa71ff27fc2769a1b78a27578f13a17b -> 
  custom:video-decoder-webm-vp8: 9c59270c3fd7afecdb556c50c9e8de78 -> 
  custom:scripting/monoscript/fileName/TCP2_Demo_AnimateMaterial.cs: 36cd3afdb13edf651922a70330252de1 -> 
  custom:scripting/monoscript/fileName/TCP2_ShaderUpdateUnityTime_Editor.cs: c0adbd8b2cef361b0d030b13795a28f1 -> 
  custom:SearchIndexIgnoredProperties: e643bd26f0fe6173181afceb89e7c659 -> 
  custom:scripting/monoscript/fileName/TCP2_ShaderGenerator.UIFeatures.cs: 1d2933bc56d7311d0449931f9ae688f2 -> 
  custom:AudioImporter_EditorPlatform: d09bf68614088b80899f8185d706f6e7 -> 
  custom:scripting/monoscript/fileName/Serialization.cs: a597a656351bb23afb778cbe20ff24fa -> dd6acf6845fbd366eebfbdc457fca7bf
  custom:scripting/monoscript/fileName/TCP2_MaterialInspector_SurfacePBS_SG.cs: 88b6aab46ec263e3f285a8b01039276b -> 
  custom:scripting/monoscript/fileName/BloomGraphDrawer.cs: 9600e9f64d67dabab17944976945a2fa -> 
  custom:scripting/monoscript/fileName/TCP2_ShaderUpdateUnityTime.cs: 61bb3190525b24acadb5199bc561b249 -> 
  custom:scripting/monoscript/fileName/TCP2_PlanarReflection.cs: 09ded59f42b98316a095fe201bedfef7 -> 
  custom:scripting/monoscript/fileName/TCP2_RampGenerator.cs: eaec3e604e38ce2a529b64230727e120 -> 
  custom:scripting/monoscript/fileName/SGUILayout.cs: 9a748d27fc237893445b0be72a0a383e -> 
  custom:scripting/monoscript/fileName/ShaderGenerator2.cs: e5295c95a591168ca7cb39a3ade1c16c -> 
  custom:scripting/monoscript/fileName/TCP2_MaterialInspector_SG.cs: 831645fb097b4502f2682dac3160ce44 -> 
  custom:scripting/monoscript/fileName/ShaderProperty.CustomMaterialProperty.cs: bc66a2637169b9e3b0a7518af3f83ec8 -> 
  custom:scripting/monoscript/fileName/TCP2_Demo_Camera.cs: cb4db1febccc2c4e09ec7a6d23187ea7 -> 
  custom:scripting/monoscript/fileName/TCP2_Demo_View.cs: 7e6099098a9785fde276519acfef40f1 -> 
  custom:scripting/monoscript/fileName/TCP2_Config.cs: f4d22248fc55d9b99738808a615b972c -> 
  custom:video-encoder-webm-vp8: eb34c28f22e8b96e1ab97ce403110664 -> 
  custom:scripting/monoscript/fileName/TCP2_MaterialInspector.cs: 1f5ad91034ee25bbec41e2eeabf5a3bd -> 
  custom:scripting/monoscript/fileName/TCP2_GetPosOnWater.cs: 09fece8a0755d1b11f9fdf3eb77dcbc0 -> 
  custom:scripting/monoscript/fileName/Bloom.cs: e82d119aa2efdcbdd1539124121b585d -> 6f6d579a64201b97313a62a1e91b3575
  custom:audio-decoder-ogg-vorbis: bf7c407c2cedff20999df2af8eb42d56 -> 
  custom:scripting/monoscript/fileName/ShaderProperty.cs: 82bb21d4405e65966350eb3cb56ff024 -> 
  custom:scripting/monoscript/fileName/ShaderProperty.Implementations.cs: 832c102de82f04cdc65de110fef55bbe -> 
  custom:scripting/monoscript/fileName/GlobalOptions.cs: fe6494fa426a8040736381ebbdd122c8 -> 
  custom:scripting/monoscript/fileName/TCP2_OutlineInspector.cs: 65523a4924160d9a16e9359205373c7a -> 
  custom:scripting/monoscript/fileName/TCP2_ExpressionParser.cs: 2d12153f030e7001c6e8dd49a9c830ab -> 
  custom:scripting/monoscript/fileName/TCP2_MaterialInspector_PBS.cs: 6b7e84d2fcbb320e53bf430f9d42cf27 -> 
  custom:scripting/monoscript/fileName/TCP2_SmoothedNormalsUtility.cs: d0c50f866cd0458673f04524aac330ab -> 
  custom:scripting/monoscript/fileName/CodeInjection.cs: 53eca25ffbc932bdcc2f182b3a74b3ef -> 
  custom:scripting/monoscript/fileName/BloomEditor.cs: a48a482d8411f395a95a3ae16e7ee54d -> c341bb26b40744c3a5c2a142ac3e1051
  custom:scripting/monoscript/fileName/TCP2_Demo_PBS.cs: bf0261dde914e2ef482e8008955d4b0e -> 
  custom:audio-encoder-webm-vorbis: bf7c407c2cedff20999df2af8eb42d56 -> 
  custom:scripting/monoscript/fileName/Template.cs: 955ddae9cda1c5cb75f6ed421335be29 -> 
  custom:scripting/monoscript/fileName/Module.cs: 778e7a9ccb860ce5ee06b85a41592eb7 -> 9cffc223e3cf6968fcbc7ffa33b894e5
========================================================================
Received Prepare
Caller must complete domain reload
Begin MonoManager ReloadAssembly
- Loaded All Assemblies, in  0.290 seconds
Native extension for WindowsStandalone target not found
Native extension for Android target not found
Native extension for WebGL target not found
Mono: successfully reloaded assembly
- Finished resetting the current domain, in  0.757 seconds
Domain Reload Profiling: 1048ms
	BeginReloadAssembly (111ms)
		ExecutionOrderSort (0ms)
		DisableScriptedObjects (4ms)
		BackupInstance (0ms)
		ReleaseScriptingObjects (0ms)
		CreateAndSetChildDomain (29ms)
	RebuildCommonClasses (22ms)
	RebuildNativeTypeToScriptingClass (7ms)
	initialDomainReloadingComplete (14ms)
	LoadAllAssembliesAndSetupDomain (137ms)
		LoadAssemblies (178ms)
		RebuildTransferFunctionScriptingTraits (0ms)
		AnalyzeDomain (12ms)
			TypeCache.Refresh (4ms)
				TypeCache.ScanAssembly (0ms)
			ScanForSourceGeneratedMonoScriptInfo (0ms)
			ResolveRequiredComponents (6ms)
	FinalizeReload (758ms)
		ReleaseScriptCaches (0ms)
		RebuildScriptCaches (0ms)
		SetupLoadedEditorAssemblies (398ms)
			LogAssemblyErrors (0ms)
			InitializePlatformSupportModulesInManaged (10ms)
			SetLoadedEditorAssemblies (4ms)
			RefreshPlugins (0ms)
			BeforeProcessingInitializeOnLoad (46ms)
			ProcessInitializeOnLoadAttributes (311ms)
			ProcessInitializeOnLoadMethodAttributes (25ms)
			AfterProcessingInitializeOnLoad (2ms)
			EditorAssembliesLoaded (0ms)
		ExecutionOrderSort2 (0ms)
		AwakeInstancesAfterBackupRestoration (8ms)
Refreshing native plugins compatible for Editor in 3.35 ms, found 3 plugins.
Preloading 0 native plugins for Editor in 0.00 ms.
Unloading 3443 Unused Serialized files (Serialized files now loaded: 0)
Unloading 26 unused Assets / (195.4 KB). Loaded Objects now: 4004.
Memory consumption went from 131.5 MB to 131.3 MB.
Total: 6.201700 ms (FindLiveObjects: 0.830600 ms CreateObjectMapping: 0.089500 ms MarkObjects: 5.093100 ms  DeleteObjects: 0.185400 ms)

Prepare: number of updated asset objects reloaded= 0
AssetImportParameters requested are different than current active one (requested -> active):
  custom:scripting/monoscript/fileName/TCP2_GradientManager.cs: fcc0eade98cac5b7275979695df635bb -> 
  custom:scripting/monoscript/fileName/MaterialInspector_SG2.cs: 8e87db41a3a0c328381e02b96642d5ed -> 
  custom:container-demuxer-ogg: 62fdf1f143b41e24485cea50d1cbac27 -> 
  custom:scripting/monoscript/fileName/TCP2_ShaderGeneratorUtils.cs: 60f19fd12c7e608165239da51b7c9347 -> 
  custom:scripting/monoscript/fileName/MaterialInspector_Hybrid.cs: dd0479f081972fc1bd8117e9b8a3c19c -> 
  custom:scripting/monoscript/fileName/UIFeatures.cs: 4fdc490df447934db2a1c1930602ea90 -> 
  custom:video-codec-MediaFoundation-h265: 746d11721c4dcdbdad8f713fa42b33f4 -> 
  custom:video-decoder-ogg-theora: a1e56fd34408186e4bbccfd4996cb3dc -> 
  custom:scripting/monoscript/fileName/TCP2_GetPosOnWater_Editor.cs: f070524cbf80cc182ddafc23e9b0c865 -> 
  custom:framework-win-MediaFoundation: 216162199b28c13a410421893ffa2e32 -> 
  custom:scripting/monoscript/fileName/TCP2_Demo_GammaLinear.cs: b35f68aa1d552cb4d1a4ec6c926c0f0b -> 
  custom:scripting/monoscript/fileName/TCP2_GUI.cs: 1338930458367abb0020a550450a40ac -> 
  custom:scripting/monoscript/fileName/TCP2_Demo_Interactive.cs: c0fc773abdf677858f2b632324822fc1 -> 
  custom:scripting/monoscript/fileName/TCP2_Demo_Interactive_Content.cs: af5c3adfbee3ee106cc636b55f10baea -> 
  custom:scripting/monoscript/fileName/TCP2_RuntimeUtils.cs: 6234d1c0df7a9f06c3c188e83442ae85 -> 
  custom:scripting/monoscript/fileName/TCP2_Demo_InvertedMaskImage.cs: ffd3558dbe2bfe9f162715877425f894 -> 
  custom:scripting/monoscript/fileName/ReorderableLayoutList.cs: 9ba7bd4c991c73731c821315ffcd1d38 -> 
  custom:scripting/monoscript/fileName/TCP2_Demo.cs: f66526b53badb7ad665229520cd3259d -> 
  custom:CustomObjectIndexerAttribute: 9a22284fe3817be447336de3de66b15e -> 
  custom:scripting/monoscript/fileName/TCP2_Demo_PBS_View.cs: c54dfb82e8364e406c25d94e7503bb47 -> 
  custom:scripting/monoscript/fileName/Tooltip.cs: 6d98b883b77bd4eb3be7c69498228e5b -> efbd10c978725fde614599dc839eb715
  custom:scripting/monoscript/fileName/TCP2_Demo_Cat.cs: ddce114892a3e78f308d54f7c0d40e51 -> 
  custom:container-demuxer-webm: 4f35f7cbe854078d1ac9338744f61a02 -> 
  custom:scripting/monoscript/fileName/TCP2_Demo_AutoRotate.cs: 0567dee0421ae0886b132939e2b454c8 -> 
  custom:scripting/monoscript/fileName/TCP2_Utils.cs: d281bbd614b05954e715119ffb4e24b0 -> 
  custom:scripting/monoscript/fileName/TCP2_MaterialInspector_PBS_SG.cs: 854a75f3d615b0c507e87b45b4a3c6d0 -> 
  custom:scripting/monoscript/fileName/TCP2_Menu.cs: 88e64115b36f2d5f17b21666c38f240d -> 
  custom:scripting/monoscript/fileName/TCP2_Demo_Interactive_Environment.cs: 08147bc20b048c5b5aea073f2107a938 -> 
  custom:scripting/monoscript/fileName/Config.cs: fae96f2b91a511890105fb9b95d24d0b -> 
  custom:scripting/monoscript/fileName/TCP2_CameraDepth.cs: 78d341a8ab5c83f87f48439841cfe550 -> 
  custom:container-muxer-webm: aa71ff27fc2769a1b78a27578f13a17b -> 
  custom:video-decoder-webm-vp8: 9c59270c3fd7afecdb556c50c9e8de78 -> 
  custom:scripting/monoscript/fileName/TCP2_Demo_AnimateMaterial.cs: 36cd3afdb13edf651922a70330252de1 -> 
  custom:scripting/monoscript/fileName/TCP2_ShaderUpdateUnityTime_Editor.cs: c0adbd8b2cef361b0d030b13795a28f1 -> 
  custom:SearchIndexIgnoredProperties: e643bd26f0fe6173181afceb89e7c659 -> 
  custom:scripting/monoscript/fileName/TCP2_ShaderGenerator.UIFeatures.cs: 1d2933bc56d7311d0449931f9ae688f2 -> 
  custom:AudioImporter_EditorPlatform: d09bf68614088b80899f8185d706f6e7 -> 
  custom:scripting/monoscript/fileName/Serialization.cs: a597a656351bb23afb778cbe20ff24fa -> dd6acf6845fbd366eebfbdc457fca7bf
  custom:scripting/monoscript/fileName/TCP2_MaterialInspector_SurfacePBS_SG.cs: 88b6aab46ec263e3f285a8b01039276b -> 
  custom:scripting/monoscript/fileName/BloomGraphDrawer.cs: 9600e9f64d67dabab17944976945a2fa -> 
  custom:scripting/monoscript/fileName/TCP2_ShaderUpdateUnityTime.cs: 61bb3190525b24acadb5199bc561b249 -> 
  custom:scripting/monoscript/fileName/TCP2_PlanarReflection.cs: 09ded59f42b98316a095fe201bedfef7 -> 
  custom:scripting/monoscript/fileName/TCP2_RampGenerator.cs: eaec3e604e38ce2a529b64230727e120 -> 
  custom:scripting/monoscript/fileName/SGUILayout.cs: 9a748d27fc237893445b0be72a0a383e -> 
  custom:scripting/monoscript/fileName/ShaderGenerator2.cs: e5295c95a591168ca7cb39a3ade1c16c -> 
  custom:scripting/monoscript/fileName/TCP2_MaterialInspector_SG.cs: 831645fb097b4502f2682dac3160ce44 -> 
  custom:scripting/monoscript/fileName/ShaderProperty.CustomMaterialProperty.cs: bc66a2637169b9e3b0a7518af3f83ec8 -> 
  custom:scripting/monoscript/fileName/TCP2_Demo_Camera.cs: cb4db1febccc2c4e09ec7a6d23187ea7 -> 
  custom:scripting/monoscript/fileName/TCP2_Demo_View.cs: 7e6099098a9785fde276519acfef40f1 -> 
  custom:scripting/monoscript/fileName/TCP2_Config.cs: f4d22248fc55d9b99738808a615b972c -> 
  custom:video-encoder-webm-vp8: eb34c28f22e8b96e1ab97ce403110664 -> 
  custom:scripting/monoscript/fileName/TCP2_MaterialInspector.cs: 1f5ad91034ee25bbec41e2eeabf5a3bd -> 
  custom:scripting/monoscript/fileName/TCP2_GetPosOnWater.cs: 09fece8a0755d1b11f9fdf3eb77dcbc0 -> 
  custom:scripting/monoscript/fileName/Bloom.cs: e82d119aa2efdcbdd1539124121b585d -> 6f6d579a64201b97313a62a1e91b3575
  custom:audio-decoder-ogg-vorbis: bf7c407c2cedff20999df2af8eb42d56 -> 
  custom:scripting/monoscript/fileName/ShaderProperty.cs: 82bb21d4405e65966350eb3cb56ff024 -> 
  custom:scripting/monoscript/fileName/ShaderProperty.Implementations.cs: 832c102de82f04cdc65de110fef55bbe -> 
  custom:scripting/monoscript/fileName/GlobalOptions.cs: fe6494fa426a8040736381ebbdd122c8 -> 
  custom:scripting/monoscript/fileName/TCP2_OutlineInspector.cs: 65523a4924160d9a16e9359205373c7a -> 
  custom:scripting/monoscript/fileName/TCP2_ExpressionParser.cs: 2d12153f030e7001c6e8dd49a9c830ab -> 
  custom:scripting/monoscript/fileName/TCP2_MaterialInspector_PBS.cs: 6b7e84d2fcbb320e53bf430f9d42cf27 -> 
  custom:scripting/monoscript/fileName/TCP2_SmoothedNormalsUtility.cs: d0c50f866cd0458673f04524aac330ab -> 
  custom:scripting/monoscript/fileName/CodeInjection.cs: 53eca25ffbc932bdcc2f182b3a74b3ef -> 
  custom:scripting/monoscript/fileName/BloomEditor.cs: a48a482d8411f395a95a3ae16e7ee54d -> c341bb26b40744c3a5c2a142ac3e1051
  custom:scripting/monoscript/fileName/TCP2_Demo_PBS.cs: bf0261dde914e2ef482e8008955d4b0e -> 
  custom:audio-encoder-webm-vorbis: bf7c407c2cedff20999df2af8eb42d56 -> 
  custom:scripting/monoscript/fileName/Template.cs: 955ddae9cda1c5cb75f6ed421335be29 -> 
  custom:scripting/monoscript/fileName/Module.cs: 778e7a9ccb860ce5ee06b85a41592eb7 -> 9cffc223e3cf6968fcbc7ffa33b894e5
========================================================================
Received Prepare
Caller must complete domain reload
Begin MonoManager ReloadAssembly
- Loaded All Assemblies, in  0.289 seconds
Native extension for WindowsStandalone target not found
Native extension for Android target not found
Native extension for WebGL target not found
Mono: successfully reloaded assembly
- Finished resetting the current domain, in  0.657 seconds
Domain Reload Profiling: 946ms
	BeginReloadAssembly (110ms)
		ExecutionOrderSort (0ms)
		DisableScriptedObjects (4ms)
		BackupInstance (0ms)
		ReleaseScriptingObjects (0ms)
		CreateAndSetChildDomain (29ms)
	RebuildCommonClasses (27ms)
	RebuildNativeTypeToScriptingClass (10ms)
	initialDomainReloadingComplete (16ms)
	LoadAllAssembliesAndSetupDomain (126ms)
		LoadAssemblies (169ms)
		RebuildTransferFunctionScriptingTraits (0ms)
		AnalyzeDomain (10ms)
			TypeCache.Refresh (4ms)
				TypeCache.ScanAssembly (0ms)
			ScanForSourceGeneratedMonoScriptInfo (0ms)
			ResolveRequiredComponents (4ms)
	FinalizeReload (657ms)
		ReleaseScriptCaches (0ms)
		RebuildScriptCaches (0ms)
		SetupLoadedEditorAssemblies (284ms)
			LogAssemblyErrors (0ms)
			InitializePlatformSupportModulesInManaged (15ms)
			SetLoadedEditorAssemblies (4ms)
			RefreshPlugins (0ms)
			BeforeProcessingInitializeOnLoad (54ms)
			ProcessInitializeOnLoadAttributes (194ms)
			ProcessInitializeOnLoadMethodAttributes (15ms)
			AfterProcessingInitializeOnLoad (2ms)
			EditorAssembliesLoaded (0ms)
		ExecutionOrderSort2 (0ms)
		AwakeInstancesAfterBackupRestoration (7ms)
Refreshing native plugins compatible for Editor in 1.69 ms, found 3 plugins.
Preloading 0 native plugins for Editor in 0.00 ms.
Unloading 3443 Unused Serialized files (Serialized files now loaded: 0)
Unloading 26 unused Assets / (195.5 KB). Loaded Objects now: 4008.
Memory consumption went from 131.5 MB to 131.3 MB.
Total: 2.424900 ms (FindLiveObjects: 0.227800 ms CreateObjectMapping: 0.080600 ms MarkObjects: 2.038600 ms  DeleteObjects: 0.077400 ms)

Prepare: number of updated asset objects reloaded= 0
AssetImportParameters requested are different than current active one (requested -> active):
  custom:scripting/monoscript/fileName/TCP2_GradientManager.cs: fcc0eade98cac5b7275979695df635bb -> 
  custom:scripting/monoscript/fileName/MaterialInspector_SG2.cs: 8e87db41a3a0c328381e02b96642d5ed -> 
  custom:container-demuxer-ogg: 62fdf1f143b41e24485cea50d1cbac27 -> 
  custom:scripting/monoscript/fileName/TCP2_ShaderGeneratorUtils.cs: 60f19fd12c7e608165239da51b7c9347 -> 
  custom:scripting/monoscript/fileName/MaterialInspector_Hybrid.cs: dd0479f081972fc1bd8117e9b8a3c19c -> 
  custom:scripting/monoscript/fileName/UIFeatures.cs: 4fdc490df447934db2a1c1930602ea90 -> 
  custom:video-codec-MediaFoundation-h265: 746d11721c4dcdbdad8f713fa42b33f4 -> 
  custom:video-decoder-ogg-theora: a1e56fd34408186e4bbccfd4996cb3dc -> 
  custom:scripting/monoscript/fileName/TCP2_GetPosOnWater_Editor.cs: f070524cbf80cc182ddafc23e9b0c865 -> 
  custom:framework-win-MediaFoundation: 216162199b28c13a410421893ffa2e32 -> 
  custom:scripting/monoscript/fileName/TCP2_Demo_GammaLinear.cs: b35f68aa1d552cb4d1a4ec6c926c0f0b -> 
  custom:scripting/monoscript/fileName/TCP2_GUI.cs: 1338930458367abb0020a550450a40ac -> 
  custom:scripting/monoscript/fileName/TCP2_Demo_Interactive.cs: c0fc773abdf677858f2b632324822fc1 -> 
  custom:scripting/monoscript/fileName/TCP2_Demo_Interactive_Content.cs: af5c3adfbee3ee106cc636b55f10baea -> 
  custom:scripting/monoscript/fileName/TCP2_RuntimeUtils.cs: 6234d1c0df7a9f06c3c188e83442ae85 -> 
  custom:scripting/monoscript/fileName/TCP2_Demo_InvertedMaskImage.cs: ffd3558dbe2bfe9f162715877425f894 -> 
  custom:scripting/monoscript/fileName/ReorderableLayoutList.cs: 9ba7bd4c991c73731c821315ffcd1d38 -> 
  custom:scripting/monoscript/fileName/TCP2_Demo.cs: f66526b53badb7ad665229520cd3259d -> 
  custom:CustomObjectIndexerAttribute: 9a22284fe3817be447336de3de66b15e -> 
  custom:scripting/monoscript/fileName/TCP2_Demo_PBS_View.cs: c54dfb82e8364e406c25d94e7503bb47 -> 
  custom:scripting/monoscript/fileName/Tooltip.cs: 6d98b883b77bd4eb3be7c69498228e5b -> efbd10c978725fde614599dc839eb715
  custom:scripting/monoscript/fileName/TCP2_Demo_Cat.cs: ddce114892a3e78f308d54f7c0d40e51 -> 
  custom:container-demuxer-webm: 4f35f7cbe854078d1ac9338744f61a02 -> 
  custom:scripting/monoscript/fileName/TCP2_Demo_AutoRotate.cs: 0567dee0421ae0886b132939e2b454c8 -> 
  custom:scripting/monoscript/fileName/TCP2_Utils.cs: d281bbd614b05954e715119ffb4e24b0 -> 
  custom:scripting/monoscript/fileName/TCP2_MaterialInspector_PBS_SG.cs: 854a75f3d615b0c507e87b45b4a3c6d0 -> 
  custom:scripting/monoscript/fileName/TCP2_Menu.cs: 88e64115b36f2d5f17b21666c38f240d -> 
  custom:scripting/monoscript/fileName/TCP2_Demo_Interactive_Environment.cs: 08147bc20b048c5b5aea073f2107a938 -> 
  custom:scripting/monoscript/fileName/Config.cs: fae96f2b91a511890105fb9b95d24d0b -> 
  custom:scripting/monoscript/fileName/TCP2_CameraDepth.cs: 78d341a8ab5c83f87f48439841cfe550 -> 
  custom:container-muxer-webm: aa71ff27fc2769a1b78a27578f13a17b -> 
  custom:video-decoder-webm-vp8: 9c59270c3fd7afecdb556c50c9e8de78 -> 
  custom:scripting/monoscript/fileName/TCP2_Demo_AnimateMaterial.cs: 36cd3afdb13edf651922a70330252de1 -> 
  custom:scripting/monoscript/fileName/TCP2_ShaderUpdateUnityTime_Editor.cs: c0adbd8b2cef361b0d030b13795a28f1 -> 
  custom:SearchIndexIgnoredProperties: e643bd26f0fe6173181afceb89e7c659 -> 
  custom:scripting/monoscript/fileName/TCP2_ShaderGenerator.UIFeatures.cs: 1d2933bc56d7311d0449931f9ae688f2 -> 
  custom:AudioImporter_EditorPlatform: d09bf68614088b80899f8185d706f6e7 -> 
  custom:scripting/monoscript/fileName/Serialization.cs: a597a656351bb23afb778cbe20ff24fa -> dd6acf6845fbd366eebfbdc457fca7bf
  custom:scripting/monoscript/fileName/TCP2_MaterialInspector_SurfacePBS_SG.cs: 88b6aab46ec263e3f285a8b01039276b -> 
  custom:scripting/monoscript/fileName/BloomGraphDrawer.cs: 9600e9f64d67dabab17944976945a2fa -> 
  custom:scripting/monoscript/fileName/TCP2_ShaderUpdateUnityTime.cs: 61bb3190525b24acadb5199bc561b249 -> 
  custom:scripting/monoscript/fileName/TCP2_PlanarReflection.cs: 09ded59f42b98316a095fe201bedfef7 -> 
  custom:scripting/monoscript/fileName/TCP2_RampGenerator.cs: eaec3e604e38ce2a529b64230727e120 -> 
  custom:scripting/monoscript/fileName/SGUILayout.cs: 9a748d27fc237893445b0be72a0a383e -> 
  custom:scripting/monoscript/fileName/ShaderGenerator2.cs: e5295c95a591168ca7cb39a3ade1c16c -> 
  custom:scripting/monoscript/fileName/TCP2_MaterialInspector_SG.cs: 831645fb097b4502f2682dac3160ce44 -> 
  custom:scripting/monoscript/fileName/ShaderProperty.CustomMaterialProperty.cs: bc66a2637169b9e3b0a7518af3f83ec8 -> 
  custom:scripting/monoscript/fileName/TCP2_Demo_Camera.cs: cb4db1febccc2c4e09ec7a6d23187ea7 -> 
  custom:scripting/monoscript/fileName/TCP2_Demo_View.cs: 7e6099098a9785fde276519acfef40f1 -> 
  custom:scripting/monoscript/fileName/TCP2_Config.cs: f4d22248fc55d9b99738808a615b972c -> 
  custom:video-encoder-webm-vp8: eb34c28f22e8b96e1ab97ce403110664 -> 
  custom:scripting/monoscript/fileName/TCP2_MaterialInspector.cs: 1f5ad91034ee25bbec41e2eeabf5a3bd -> 
  custom:scripting/monoscript/fileName/TCP2_GetPosOnWater.cs: 09fece8a0755d1b11f9fdf3eb77dcbc0 -> 
  custom:scripting/monoscript/fileName/Bloom.cs: e82d119aa2efdcbdd1539124121b585d -> 6f6d579a64201b97313a62a1e91b3575
  custom:audio-decoder-ogg-vorbis: bf7c407c2cedff20999df2af8eb42d56 -> 
  custom:scripting/monoscript/fileName/ShaderProperty.cs: 82bb21d4405e65966350eb3cb56ff024 -> 
  custom:scripting/monoscript/fileName/ShaderProperty.Implementations.cs: 832c102de82f04cdc65de110fef55bbe -> 
  custom:scripting/monoscript/fileName/GlobalOptions.cs: fe6494fa426a8040736381ebbdd122c8 -> 
  custom:scripting/monoscript/fileName/TCP2_OutlineInspector.cs: 65523a4924160d9a16e9359205373c7a -> 
  custom:scripting/monoscript/fileName/TCP2_ExpressionParser.cs: 2d12153f030e7001c6e8dd49a9c830ab -> 
  custom:scripting/monoscript/fileName/TCP2_MaterialInspector_PBS.cs: 6b7e84d2fcbb320e53bf430f9d42cf27 -> 
  custom:scripting/monoscript/fileName/TCP2_SmoothedNormalsUtility.cs: d0c50f866cd0458673f04524aac330ab -> 
  custom:scripting/monoscript/fileName/CodeInjection.cs: 53eca25ffbc932bdcc2f182b3a74b3ef -> 
  custom:scripting/monoscript/fileName/BloomEditor.cs: a48a482d8411f395a95a3ae16e7ee54d -> c341bb26b40744c3a5c2a142ac3e1051
  custom:scripting/monoscript/fileName/TCP2_Demo_PBS.cs: bf0261dde914e2ef482e8008955d4b0e -> 
  custom:audio-encoder-webm-vorbis: bf7c407c2cedff20999df2af8eb42d56 -> 
  custom:scripting/monoscript/fileName/Template.cs: 955ddae9cda1c5cb75f6ed421335be29 -> 
  custom:scripting/monoscript/fileName/Module.cs: 778e7a9ccb860ce5ee06b85a41592eb7 -> 9cffc223e3cf6968fcbc7ffa33b894e5
========================================================================
Received Prepare
Caller must complete domain reload
Begin MonoManager ReloadAssembly
- Loaded All Assemblies, in  0.318 seconds
Native extension for WindowsStandalone target not found
Native extension for Android target not found
Native extension for WebGL target not found
Mono: successfully reloaded assembly
- Finished resetting the current domain, in  0.865 seconds
Domain Reload Profiling: 1182ms
	BeginReloadAssembly (119ms)
		ExecutionOrderSort (0ms)
		DisableScriptedObjects (4ms)
		BackupInstance (0ms)
		ReleaseScriptingObjects (0ms)
		CreateAndSetChildDomain (29ms)
	RebuildCommonClasses (26ms)
	RebuildNativeTypeToScriptingClass (9ms)
	initialDomainReloadingComplete (20ms)
	LoadAllAssembliesAndSetupDomain (143ms)
		LoadAssemblies (191ms)
		RebuildTransferFunctionScriptingTraits (0ms)
		AnalyzeDomain (13ms)
			TypeCache.Refresh (5ms)
				TypeCache.ScanAssembly (0ms)
			ScanForSourceGeneratedMonoScriptInfo (0ms)
			ResolveRequiredComponents (6ms)
	FinalizeReload (865ms)
		ReleaseScriptCaches (0ms)
		RebuildScriptCaches (0ms)
		SetupLoadedEditorAssemblies (491ms)
			LogAssemblyErrors (0ms)
			InitializePlatformSupportModulesInManaged (16ms)
			SetLoadedEditorAssemblies (5ms)
			RefreshPlugins (0ms)
			BeforeProcessingInitializeOnLoad (53ms)
			ProcessInitializeOnLoadAttributes (383ms)
			ProcessInitializeOnLoadMethodAttributes (31ms)
			AfterProcessingInitializeOnLoad (3ms)
			EditorAssembliesLoaded (0ms)
		ExecutionOrderSort2 (0ms)
		AwakeInstancesAfterBackupRestoration (7ms)
Refreshing native plugins compatible for Editor in 1.61 ms, found 3 plugins.
Preloading 0 native plugins for Editor in 0.00 ms.
Unloading 3443 Unused Serialized files (Serialized files now loaded: 0)
Unloading 26 unused Assets / (195.5 KB). Loaded Objects now: 4012.
Memory consumption went from 131.5 MB to 131.3 MB.
Total: 6.570200 ms (FindLiveObjects: 0.865200 ms CreateObjectMapping: 0.158800 ms MarkObjects: 5.406500 ms  DeleteObjects: 0.137200 ms)

Prepare: number of updated asset objects reloaded= 0
AssetImportParameters requested are different than current active one (requested -> active):
  custom:scripting/monoscript/fileName/TCP2_GradientManager.cs: fcc0eade98cac5b7275979695df635bb -> 
  custom:scripting/monoscript/fileName/MaterialInspector_SG2.cs: 8e87db41a3a0c328381e02b96642d5ed -> 
  custom:container-demuxer-ogg: 62fdf1f143b41e24485cea50d1cbac27 -> 
  custom:scripting/monoscript/fileName/TCP2_ShaderGeneratorUtils.cs: 60f19fd12c7e608165239da51b7c9347 -> 
  custom:scripting/monoscript/fileName/MaterialInspector_Hybrid.cs: dd0479f081972fc1bd8117e9b8a3c19c -> 
  custom:scripting/monoscript/fileName/UIFeatures.cs: 4fdc490df447934db2a1c1930602ea90 -> 
  custom:video-codec-MediaFoundation-h265: 746d11721c4dcdbdad8f713fa42b33f4 -> 
  custom:video-decoder-ogg-theora: a1e56fd34408186e4bbccfd4996cb3dc -> 
  custom:scripting/monoscript/fileName/TCP2_GetPosOnWater_Editor.cs: f070524cbf80cc182ddafc23e9b0c865 -> 
  custom:framework-win-MediaFoundation: 216162199b28c13a410421893ffa2e32 -> 
  custom:scripting/monoscript/fileName/TCP2_Demo_GammaLinear.cs: b35f68aa1d552cb4d1a4ec6c926c0f0b -> 
  custom:scripting/monoscript/fileName/TCP2_GUI.cs: 1338930458367abb0020a550450a40ac -> 
  custom:scripting/monoscript/fileName/TCP2_Demo_Interactive.cs: c0fc773abdf677858f2b632324822fc1 -> 
  custom:scripting/monoscript/fileName/TCP2_Demo_Interactive_Content.cs: af5c3adfbee3ee106cc636b55f10baea -> 
  custom:scripting/monoscript/fileName/TCP2_RuntimeUtils.cs: 6234d1c0df7a9f06c3c188e83442ae85 -> 
  custom:scripting/monoscript/fileName/TCP2_Demo_InvertedMaskImage.cs: ffd3558dbe2bfe9f162715877425f894 -> 
  custom:scripting/monoscript/fileName/ReorderableLayoutList.cs: 9ba7bd4c991c73731c821315ffcd1d38 -> 
  custom:scripting/monoscript/fileName/TCP2_Demo.cs: f66526b53badb7ad665229520cd3259d -> 
  custom:CustomObjectIndexerAttribute: 9a22284fe3817be447336de3de66b15e -> 
  custom:scripting/monoscript/fileName/TCP2_Demo_PBS_View.cs: c54dfb82e8364e406c25d94e7503bb47 -> 
  custom:scripting/monoscript/fileName/Tooltip.cs: 6d98b883b77bd4eb3be7c69498228e5b -> efbd10c978725fde614599dc839eb715
  custom:scripting/monoscript/fileName/TCP2_Demo_Cat.cs: ddce114892a3e78f308d54f7c0d40e51 -> 
  custom:container-demuxer-webm: 4f35f7cbe854078d1ac9338744f61a02 -> 
  custom:scripting/monoscript/fileName/TCP2_Demo_AutoRotate.cs: 0567dee0421ae0886b132939e2b454c8 -> 
  custom:scripting/monoscript/fileName/TCP2_Utils.cs: d281bbd614b05954e715119ffb4e24b0 -> 
  custom:scripting/monoscript/fileName/TCP2_MaterialInspector_PBS_SG.cs: 854a75f3d615b0c507e87b45b4a3c6d0 -> 
  custom:scripting/monoscript/fileName/TCP2_Menu.cs: 88e64115b36f2d5f17b21666c38f240d -> 
  custom:scripting/monoscript/fileName/TCP2_Demo_Interactive_Environment.cs: 08147bc20b048c5b5aea073f2107a938 -> 
  custom:scripting/monoscript/fileName/Config.cs: fae96f2b91a511890105fb9b95d24d0b -> 
  custom:scripting/monoscript/fileName/TCP2_CameraDepth.cs: 78d341a8ab5c83f87f48439841cfe550 -> 
  custom:container-muxer-webm: aa71ff27fc2769a1b78a27578f13a17b -> 
  custom:video-decoder-webm-vp8: 9c59270c3fd7afecdb556c50c9e8de78 -> 
  custom:scripting/monoscript/fileName/TCP2_Demo_AnimateMaterial.cs: 36cd3afdb13edf651922a70330252de1 -> 
  custom:scripting/monoscript/fileName/TCP2_ShaderUpdateUnityTime_Editor.cs: c0adbd8b2cef361b0d030b13795a28f1 -> 
  custom:SearchIndexIgnoredProperties: e643bd26f0fe6173181afceb89e7c659 -> 
  custom:scripting/monoscript/fileName/TCP2_ShaderGenerator.UIFeatures.cs: 1d2933bc56d7311d0449931f9ae688f2 -> 
  custom:AudioImporter_EditorPlatform: d09bf68614088b80899f8185d706f6e7 -> 
  custom:scripting/monoscript/fileName/Serialization.cs: a597a656351bb23afb778cbe20ff24fa -> dd6acf6845fbd366eebfbdc457fca7bf
  custom:scripting/monoscript/fileName/TCP2_MaterialInspector_SurfacePBS_SG.cs: 88b6aab46ec263e3f285a8b01039276b -> 
  custom:scripting/monoscript/fileName/BloomGraphDrawer.cs: 9600e9f64d67dabab17944976945a2fa -> 
  custom:scripting/monoscript/fileName/TCP2_ShaderUpdateUnityTime.cs: 61bb3190525b24acadb5199bc561b249 -> 
  custom:scripting/monoscript/fileName/TCP2_PlanarReflection.cs: 09ded59f42b98316a095fe201bedfef7 -> 
  custom:scripting/monoscript/fileName/TCP2_RampGenerator.cs: eaec3e604e38ce2a529b64230727e120 -> 
  custom:scripting/monoscript/fileName/SGUILayout.cs: 9a748d27fc237893445b0be72a0a383e -> 
  custom:scripting/monoscript/fileName/ShaderGenerator2.cs: e5295c95a591168ca7cb39a3ade1c16c -> 
  custom:scripting/monoscript/fileName/TCP2_MaterialInspector_SG.cs: 831645fb097b4502f2682dac3160ce44 -> 
  custom:scripting/monoscript/fileName/ShaderProperty.CustomMaterialProperty.cs: bc66a2637169b9e3b0a7518af3f83ec8 -> 
  custom:scripting/monoscript/fileName/TCP2_Demo_Camera.cs: cb4db1febccc2c4e09ec7a6d23187ea7 -> 
  custom:scripting/monoscript/fileName/TCP2_Demo_View.cs: 7e6099098a9785fde276519acfef40f1 -> 
  custom:scripting/monoscript/fileName/TCP2_Config.cs: f4d22248fc55d9b99738808a615b972c -> 
  custom:video-encoder-webm-vp8: eb34c28f22e8b96e1ab97ce403110664 -> 
  custom:scripting/monoscript/fileName/TCP2_MaterialInspector.cs: 1f5ad91034ee25bbec41e2eeabf5a3bd -> 
  custom:scripting/monoscript/fileName/TCP2_GetPosOnWater.cs: 09fece8a0755d1b11f9fdf3eb77dcbc0 -> 
  custom:scripting/monoscript/fileName/Bloom.cs: e82d119aa2efdcbdd1539124121b585d -> 6f6d579a64201b97313a62a1e91b3575
  custom:audio-decoder-ogg-vorbis: bf7c407c2cedff20999df2af8eb42d56 -> 
  custom:scripting/monoscript/fileName/ShaderProperty.cs: 82bb21d4405e65966350eb3cb56ff024 -> 
  custom:scripting/monoscript/fileName/ShaderProperty.Implementations.cs: 832c102de82f04cdc65de110fef55bbe -> 
  custom:scripting/monoscript/fileName/GlobalOptions.cs: fe6494fa426a8040736381ebbdd122c8 -> 
  custom:scripting/monoscript/fileName/TCP2_OutlineInspector.cs: 65523a4924160d9a16e9359205373c7a -> 
  custom:scripting/monoscript/fileName/TCP2_ExpressionParser.cs: 2d12153f030e7001c6e8dd49a9c830ab -> 
  custom:scripting/monoscript/fileName/TCP2_MaterialInspector_PBS.cs: 6b7e84d2fcbb320e53bf430f9d42cf27 -> 
  custom:scripting/monoscript/fileName/TCP2_SmoothedNormalsUtility.cs: d0c50f866cd0458673f04524aac330ab -> 
  custom:scripting/monoscript/fileName/CodeInjection.cs: 53eca25ffbc932bdcc2f182b3a74b3ef -> 
  custom:scripting/monoscript/fileName/BloomEditor.cs: a48a482d8411f395a95a3ae16e7ee54d -> c341bb26b40744c3a5c2a142ac3e1051
  custom:scripting/monoscript/fileName/TCP2_Demo_PBS.cs: bf0261dde914e2ef482e8008955d4b0e -> 
  custom:audio-encoder-webm-vorbis: bf7c407c2cedff20999df2af8eb42d56 -> 
  custom:scripting/monoscript/fileName/Template.cs: 955ddae9cda1c5cb75f6ed421335be29 -> 
  custom:scripting/monoscript/fileName/Module.cs: 778e7a9ccb860ce5ee06b85a41592eb7 -> 9cffc223e3cf6968fcbc7ffa33b894e5
========================================================================
Received Prepare
Caller must complete domain reload
Begin MonoManager ReloadAssembly
- Loaded All Assemblies, in  0.286 seconds
Native extension for WindowsStandalone target not found
Native extension for Android target not found
Native extension for WebGL target not found
Mono: successfully reloaded assembly
- Finished resetting the current domain, in  0.746 seconds
Domain Reload Profiling: 1033ms
	BeginReloadAssembly (115ms)
		ExecutionOrderSort (0ms)
		DisableScriptedObjects (5ms)
		BackupInstance (0ms)
		ReleaseScriptingObjects (0ms)
		CreateAndSetChildDomain (31ms)
	RebuildCommonClasses (24ms)
	RebuildNativeTypeToScriptingClass (8ms)
	initialDomainReloadingComplete (15ms)
	LoadAllAssembliesAndSetupDomain (125ms)
		LoadAssemblies (169ms)
		RebuildTransferFunctionScriptingTraits (0ms)
		AnalyzeDomain (9ms)
			TypeCache.Refresh (4ms)
				TypeCache.ScanAssembly (0ms)
			ScanForSourceGeneratedMonoScriptInfo (0ms)
			ResolveRequiredComponents (4ms)
	FinalizeReload (747ms)
		ReleaseScriptCaches (0ms)
		RebuildScriptCaches (0ms)
		SetupLoadedEditorAssemblies (394ms)
			LogAssemblyErrors (0ms)
			InitializePlatformSupportModulesInManaged (13ms)
			SetLoadedEditorAssemblies (3ms)
			RefreshPlugins (0ms)
			BeforeProcessingInitializeOnLoad (48ms)
			ProcessInitializeOnLoadAttributes (303ms)
			ProcessInitializeOnLoadMethodAttributes (25ms)
			AfterProcessingInitializeOnLoad (2ms)
			EditorAssembliesLoaded (0ms)
		ExecutionOrderSort2 (0ms)
		AwakeInstancesAfterBackupRestoration (9ms)
Refreshing native plugins compatible for Editor in 1.87 ms, found 3 plugins.
Preloading 0 native plugins for Editor in 0.00 ms.
Unloading 3443 Unused Serialized files (Serialized files now loaded: 0)
Unloading 26 unused Assets / (195.5 KB). Loaded Objects now: 4016.
Memory consumption went from 131.5 MB to 131.3 MB.
Total: 4.533200 ms (FindLiveObjects: 0.545700 ms CreateObjectMapping: 0.112800 ms MarkObjects: 3.789200 ms  DeleteObjects: 0.083900 ms)

Prepare: number of updated asset objects reloaded= 0
AssetImportParameters requested are different than current active one (requested -> active):
  custom:scripting/monoscript/fileName/TCP2_GradientManager.cs: fcc0eade98cac5b7275979695df635bb -> 
  custom:scripting/monoscript/fileName/MaterialInspector_SG2.cs: 8e87db41a3a0c328381e02b96642d5ed -> 
  custom:container-demuxer-ogg: 62fdf1f143b41e24485cea50d1cbac27 -> 
  custom:scripting/monoscript/fileName/TCP2_ShaderGeneratorUtils.cs: 60f19fd12c7e608165239da51b7c9347 -> 
  custom:scripting/monoscript/fileName/MaterialInspector_Hybrid.cs: dd0479f081972fc1bd8117e9b8a3c19c -> 
  custom:scripting/monoscript/fileName/UIFeatures.cs: 4fdc490df447934db2a1c1930602ea90 -> 
  custom:video-codec-MediaFoundation-h265: 746d11721c4dcdbdad8f713fa42b33f4 -> 
  custom:video-decoder-ogg-theora: a1e56fd34408186e4bbccfd4996cb3dc -> 
  custom:scripting/monoscript/fileName/TCP2_GetPosOnWater_Editor.cs: f070524cbf80cc182ddafc23e9b0c865 -> 
  custom:framework-win-MediaFoundation: 216162199b28c13a410421893ffa2e32 -> 
  custom:scripting/monoscript/fileName/TCP2_Demo_GammaLinear.cs: b35f68aa1d552cb4d1a4ec6c926c0f0b -> 
  custom:scripting/monoscript/fileName/TCP2_GUI.cs: 1338930458367abb0020a550450a40ac -> 
  custom:scripting/monoscript/fileName/TCP2_Demo_Interactive.cs: c0fc773abdf677858f2b632324822fc1 -> 
  custom:scripting/monoscript/fileName/TCP2_Demo_Interactive_Content.cs: af5c3adfbee3ee106cc636b55f10baea -> 
  custom:scripting/monoscript/fileName/TCP2_RuntimeUtils.cs: 6234d1c0df7a9f06c3c188e83442ae85 -> 
  custom:scripting/monoscript/fileName/TCP2_Demo_InvertedMaskImage.cs: ffd3558dbe2bfe9f162715877425f894 -> 
  custom:scripting/monoscript/fileName/ReorderableLayoutList.cs: 9ba7bd4c991c73731c821315ffcd1d38 -> 
  custom:scripting/monoscript/fileName/TCP2_Demo.cs: f66526b53badb7ad665229520cd3259d -> 
  custom:CustomObjectIndexerAttribute: 9a22284fe3817be447336de3de66b15e -> 
  custom:scripting/monoscript/fileName/TCP2_Demo_PBS_View.cs: c54dfb82e8364e406c25d94e7503bb47 -> 
  custom:scripting/monoscript/fileName/Tooltip.cs: 6d98b883b77bd4eb3be7c69498228e5b -> efbd10c978725fde614599dc839eb715
  custom:scripting/monoscript/fileName/TCP2_Demo_Cat.cs: ddce114892a3e78f308d54f7c0d40e51 -> 
  custom:container-demuxer-webm: 4f35f7cbe854078d1ac9338744f61a02 -> 
  custom:scripting/monoscript/fileName/TCP2_Demo_AutoRotate.cs: 0567dee0421ae0886b132939e2b454c8 -> 
  custom:scripting/monoscript/fileName/TCP2_Utils.cs: d281bbd614b05954e715119ffb4e24b0 -> 
  custom:scripting/monoscript/fileName/TCP2_MaterialInspector_PBS_SG.cs: 854a75f3d615b0c507e87b45b4a3c6d0 -> 
  custom:scripting/monoscript/fileName/TCP2_Menu.cs: 88e64115b36f2d5f17b21666c38f240d -> 
  custom:scripting/monoscript/fileName/TCP2_Demo_Interactive_Environment.cs: 08147bc20b048c5b5aea073f2107a938 -> 
  custom:scripting/monoscript/fileName/Config.cs: fae96f2b91a511890105fb9b95d24d0b -> 
  custom:scripting/monoscript/fileName/TCP2_CameraDepth.cs: 78d341a8ab5c83f87f48439841cfe550 -> 
  custom:container-muxer-webm: aa71ff27fc2769a1b78a27578f13a17b -> 
  custom:video-decoder-webm-vp8: 9c59270c3fd7afecdb556c50c9e8de78 -> 
  custom:scripting/monoscript/fileName/TCP2_Demo_AnimateMaterial.cs: 36cd3afdb13edf651922a70330252de1 -> 
  custom:scripting/monoscript/fileName/TCP2_ShaderUpdateUnityTime_Editor.cs: c0adbd8b2cef361b0d030b13795a28f1 -> 
  custom:SearchIndexIgnoredProperties: e643bd26f0fe6173181afceb89e7c659 -> 
  custom:scripting/monoscript/fileName/TCP2_ShaderGenerator.UIFeatures.cs: 1d2933bc56d7311d0449931f9ae688f2 -> 
  custom:AudioImporter_EditorPlatform: d09bf68614088b80899f8185d706f6e7 -> 
  custom:scripting/monoscript/fileName/Serialization.cs: a597a656351bb23afb778cbe20ff24fa -> dd6acf6845fbd366eebfbdc457fca7bf
  custom:scripting/monoscript/fileName/TCP2_MaterialInspector_SurfacePBS_SG.cs: 88b6aab46ec263e3f285a8b01039276b -> 
  custom:scripting/monoscript/fileName/BloomGraphDrawer.cs: 9600e9f64d67dabab17944976945a2fa -> 
  custom:scripting/monoscript/fileName/TCP2_ShaderUpdateUnityTime.cs: 61bb3190525b24acadb5199bc561b249 -> 
  custom:scripting/monoscript/fileName/TCP2_PlanarReflection.cs: 09ded59f42b98316a095fe201bedfef7 -> 
  custom:scripting/monoscript/fileName/TCP2_RampGenerator.cs: eaec3e604e38ce2a529b64230727e120 -> 
  custom:scripting/monoscript/fileName/SGUILayout.cs: 9a748d27fc237893445b0be72a0a383e -> 
  custom:scripting/monoscript/fileName/ShaderGenerator2.cs: e5295c95a591168ca7cb39a3ade1c16c -> 
  custom:scripting/monoscript/fileName/TCP2_MaterialInspector_SG.cs: 831645fb097b4502f2682dac3160ce44 -> 
  custom:scripting/monoscript/fileName/ShaderProperty.CustomMaterialProperty.cs: bc66a2637169b9e3b0a7518af3f83ec8 -> 
  custom:scripting/monoscript/fileName/TCP2_Demo_Camera.cs: cb4db1febccc2c4e09ec7a6d23187ea7 -> 
  custom:scripting/monoscript/fileName/TCP2_Demo_View.cs: 7e6099098a9785fde276519acfef40f1 -> 
  custom:scripting/monoscript/fileName/TCP2_Config.cs: f4d22248fc55d9b99738808a615b972c -> 
  custom:video-encoder-webm-vp8: eb34c28f22e8b96e1ab97ce403110664 -> 
  custom:scripting/monoscript/fileName/TCP2_MaterialInspector.cs: 1f5ad91034ee25bbec41e2eeabf5a3bd -> 
  custom:scripting/monoscript/fileName/TCP2_GetPosOnWater.cs: 09fece8a0755d1b11f9fdf3eb77dcbc0 -> 
  custom:scripting/monoscript/fileName/Bloom.cs: e82d119aa2efdcbdd1539124121b585d -> 6f6d579a64201b97313a62a1e91b3575
  custom:audio-decoder-ogg-vorbis: bf7c407c2cedff20999df2af8eb42d56 -> 
  custom:scripting/monoscript/fileName/ShaderProperty.cs: 82bb21d4405e65966350eb3cb56ff024 -> 
  custom:scripting/monoscript/fileName/ShaderProperty.Implementations.cs: 832c102de82f04cdc65de110fef55bbe -> 
  custom:scripting/monoscript/fileName/GlobalOptions.cs: fe6494fa426a8040736381ebbdd122c8 -> 
  custom:scripting/monoscript/fileName/TCP2_OutlineInspector.cs: 65523a4924160d9a16e9359205373c7a -> 
  custom:scripting/monoscript/fileName/TCP2_ExpressionParser.cs: 2d12153f030e7001c6e8dd49a9c830ab -> 
  custom:scripting/monoscript/fileName/TCP2_MaterialInspector_PBS.cs: 6b7e84d2fcbb320e53bf430f9d42cf27 -> 
  custom:scripting/monoscript/fileName/TCP2_SmoothedNormalsUtility.cs: d0c50f866cd0458673f04524aac330ab -> 
  custom:scripting/monoscript/fileName/CodeInjection.cs: 53eca25ffbc932bdcc2f182b3a74b3ef -> 
  custom:scripting/monoscript/fileName/BloomEditor.cs: a48a482d8411f395a95a3ae16e7ee54d -> c341bb26b40744c3a5c2a142ac3e1051
  custom:scripting/monoscript/fileName/TCP2_Demo_PBS.cs: bf0261dde914e2ef482e8008955d4b0e -> 
  custom:audio-encoder-webm-vorbis: bf7c407c2cedff20999df2af8eb42d56 -> 
  custom:scripting/monoscript/fileName/Template.cs: 955ddae9cda1c5cb75f6ed421335be29 -> 
  custom:scripting/monoscript/fileName/Module.cs: 778e7a9ccb860ce5ee06b85a41592eb7 -> 9cffc223e3cf6968fcbc7ffa33b894e5
========================================================================
Received Prepare
Caller must complete domain reload
Begin MonoManager ReloadAssembly
- Loaded All Assemblies, in  0.304 seconds
Native extension for WindowsStandalone target not found
Native extension for Android target not found
Native extension for WebGL target not found
Mono: successfully reloaded assembly
- Finished resetting the current domain, in  0.630 seconds
Domain Reload Profiling: 934ms
	BeginReloadAssembly (115ms)
		ExecutionOrderSort (0ms)
		DisableScriptedObjects (4ms)
		BackupInstance (0ms)
		ReleaseScriptingObjects (0ms)
		CreateAndSetChildDomain (30ms)
	RebuildCommonClasses (23ms)
	RebuildNativeTypeToScriptingClass (11ms)
	initialDomainReloadingComplete (16ms)
	LoadAllAssembliesAndSetupDomain (138ms)
		LoadAssemblies (182ms)
		RebuildTransferFunctionScriptingTraits (0ms)
		AnalyzeDomain (15ms)
			TypeCache.Refresh (6ms)
				TypeCache.ScanAssembly (1ms)
			ScanForSourceGeneratedMonoScriptInfo (4ms)
			ResolveRequiredComponents (3ms)
	FinalizeReload (630ms)
		ReleaseScriptCaches (0ms)
		RebuildScriptCaches (0ms)
		SetupLoadedEditorAssemblies (298ms)
			LogAssemblyErrors (0ms)
			InitializePlatformSupportModulesInManaged (13ms)
			SetLoadedEditorAssemblies (4ms)
			RefreshPlugins (0ms)
			BeforeProcessingInitializeOnLoad (50ms)
			ProcessInitializeOnLoadAttributes (215ms)
			ProcessInitializeOnLoadMethodAttributes (14ms)
			AfterProcessingInitializeOnLoad (1ms)
			EditorAssembliesLoaded (0ms)
		ExecutionOrderSort2 (0ms)
		AwakeInstancesAfterBackupRestoration (5ms)
Refreshing native plugins compatible for Editor in 1.92 ms, found 3 plugins.
Preloading 0 native plugins for Editor in 0.00 ms.
Unloading 3443 Unused Serialized files (Serialized files now loaded: 0)
Unloading 26 unused Assets / (195.4 KB). Loaded Objects now: 4020.
Memory consumption went from 131.5 MB to 131.3 MB.
Total: 2.361700 ms (FindLiveObjects: 0.267100 ms CreateObjectMapping: 0.084400 ms MarkObjects: 1.937500 ms  DeleteObjects: 0.072100 ms)

Prepare: number of updated asset objects reloaded= 0
AssetImportParameters requested are different than current active one (requested -> active):
  custom:scripting/monoscript/fileName/TCP2_GradientManager.cs: fcc0eade98cac5b7275979695df635bb -> 
  custom:scripting/monoscript/fileName/MaterialInspector_SG2.cs: 8e87db41a3a0c328381e02b96642d5ed -> 
  custom:container-demuxer-ogg: 62fdf1f143b41e24485cea50d1cbac27 -> 
  custom:scripting/monoscript/fileName/TCP2_ShaderGeneratorUtils.cs: 60f19fd12c7e608165239da51b7c9347 -> 
  custom:scripting/monoscript/fileName/MaterialInspector_Hybrid.cs: dd0479f081972fc1bd8117e9b8a3c19c -> 
  custom:scripting/monoscript/fileName/UIFeatures.cs: 4fdc490df447934db2a1c1930602ea90 -> 
  custom:video-codec-MediaFoundation-h265: 746d11721c4dcdbdad8f713fa42b33f4 -> 
  custom:video-decoder-ogg-theora: a1e56fd34408186e4bbccfd4996cb3dc -> 
  custom:scripting/monoscript/fileName/TCP2_GetPosOnWater_Editor.cs: f070524cbf80cc182ddafc23e9b0c865 -> 
  custom:framework-win-MediaFoundation: 216162199b28c13a410421893ffa2e32 -> 
  custom:scripting/monoscript/fileName/TCP2_Demo_GammaLinear.cs: b35f68aa1d552cb4d1a4ec6c926c0f0b -> 
  custom:scripting/monoscript/fileName/TCP2_GUI.cs: 1338930458367abb0020a550450a40ac -> 
  custom:scripting/monoscript/fileName/TCP2_Demo_Interactive.cs: c0fc773abdf677858f2b632324822fc1 -> 
  custom:scripting/monoscript/fileName/TCP2_Demo_Interactive_Content.cs: af5c3adfbee3ee106cc636b55f10baea -> 
  custom:scripting/monoscript/fileName/TCP2_RuntimeUtils.cs: 6234d1c0df7a9f06c3c188e83442ae85 -> 
  custom:scripting/monoscript/fileName/TCP2_Demo_InvertedMaskImage.cs: ffd3558dbe2bfe9f162715877425f894 -> 
  custom:scripting/monoscript/fileName/ReorderableLayoutList.cs: 9ba7bd4c991c73731c821315ffcd1d38 -> 
  custom:scripting/monoscript/fileName/TCP2_Demo.cs: f66526b53badb7ad665229520cd3259d -> 
  custom:CustomObjectIndexerAttribute: 9a22284fe3817be447336de3de66b15e -> 
  custom:scripting/monoscript/fileName/TCP2_Demo_PBS_View.cs: c54dfb82e8364e406c25d94e7503bb47 -> 
  custom:scripting/monoscript/fileName/Tooltip.cs: 6d98b883b77bd4eb3be7c69498228e5b -> efbd10c978725fde614599dc839eb715
  custom:scripting/monoscript/fileName/TCP2_Demo_Cat.cs: ddce114892a3e78f308d54f7c0d40e51 -> 
  custom:container-demuxer-webm: 4f35f7cbe854078d1ac9338744f61a02 -> 
  custom:scripting/monoscript/fileName/TCP2_Demo_AutoRotate.cs: 0567dee0421ae0886b132939e2b454c8 -> 
  custom:scripting/monoscript/fileName/TCP2_Utils.cs: d281bbd614b05954e715119ffb4e24b0 -> 
  custom:scripting/monoscript/fileName/TCP2_MaterialInspector_PBS_SG.cs: 854a75f3d615b0c507e87b45b4a3c6d0 -> 
  custom:scripting/monoscript/fileName/TCP2_Menu.cs: 88e64115b36f2d5f17b21666c38f240d -> 
  custom:scripting/monoscript/fileName/TCP2_Demo_Interactive_Environment.cs: 08147bc20b048c5b5aea073f2107a938 -> 
  custom:scripting/monoscript/fileName/Config.cs: fae96f2b91a511890105fb9b95d24d0b -> 
  custom:scripting/monoscript/fileName/TCP2_CameraDepth.cs: 78d341a8ab5c83f87f48439841cfe550 -> 
  custom:container-muxer-webm: aa71ff27fc2769a1b78a27578f13a17b -> 
  custom:video-decoder-webm-vp8: 9c59270c3fd7afecdb556c50c9e8de78 -> 
  custom:scripting/monoscript/fileName/TCP2_Demo_AnimateMaterial.cs: 36cd3afdb13edf651922a70330252de1 -> 
  custom:scripting/monoscript/fileName/TCP2_ShaderUpdateUnityTime_Editor.cs: c0adbd8b2cef361b0d030b13795a28f1 -> 
  custom:SearchIndexIgnoredProperties: e643bd26f0fe6173181afceb89e7c659 -> 
  custom:scripting/monoscript/fileName/TCP2_ShaderGenerator.UIFeatures.cs: 1d2933bc56d7311d0449931f9ae688f2 -> 
  custom:AudioImporter_EditorPlatform: d09bf68614088b80899f8185d706f6e7 -> 
  custom:scripting/monoscript/fileName/Serialization.cs: a597a656351bb23afb778cbe20ff24fa -> dd6acf6845fbd366eebfbdc457fca7bf
  custom:scripting/monoscript/fileName/TCP2_MaterialInspector_SurfacePBS_SG.cs: 88b6aab46ec263e3f285a8b01039276b -> 
  custom:scripting/monoscript/fileName/BloomGraphDrawer.cs: 9600e9f64d67dabab17944976945a2fa -> 
  custom:scripting/monoscript/fileName/TCP2_ShaderUpdateUnityTime.cs: 61bb3190525b24acadb5199bc561b249 -> 
  custom:scripting/monoscript/fileName/TCP2_PlanarReflection.cs: 09ded59f42b98316a095fe201bedfef7 -> 
  custom:scripting/monoscript/fileName/TCP2_RampGenerator.cs: eaec3e604e38ce2a529b64230727e120 -> 
  custom:scripting/monoscript/fileName/SGUILayout.cs: 9a748d27fc237893445b0be72a0a383e -> 
  custom:scripting/monoscript/fileName/ShaderGenerator2.cs: e5295c95a591168ca7cb39a3ade1c16c -> 
  custom:scripting/monoscript/fileName/TCP2_MaterialInspector_SG.cs: 831645fb097b4502f2682dac3160ce44 -> 
  custom:scripting/monoscript/fileName/ShaderProperty.CustomMaterialProperty.cs: bc66a2637169b9e3b0a7518af3f83ec8 -> 
  custom:scripting/monoscript/fileName/TCP2_Demo_Camera.cs: cb4db1febccc2c4e09ec7a6d23187ea7 -> 
  custom:scripting/monoscript/fileName/TCP2_Demo_View.cs: 7e6099098a9785fde276519acfef40f1 -> 
  custom:scripting/monoscript/fileName/TCP2_Config.cs: f4d22248fc55d9b99738808a615b972c -> 
  custom:video-encoder-webm-vp8: eb34c28f22e8b96e1ab97ce403110664 -> 
  custom:scripting/monoscript/fileName/TCP2_MaterialInspector.cs: 1f5ad91034ee25bbec41e2eeabf5a3bd -> 
  custom:scripting/monoscript/fileName/TCP2_GetPosOnWater.cs: 09fece8a0755d1b11f9fdf3eb77dcbc0 -> 
  custom:scripting/monoscript/fileName/Bloom.cs: e82d119aa2efdcbdd1539124121b585d -> 6f6d579a64201b97313a62a1e91b3575
  custom:audio-decoder-ogg-vorbis: bf7c407c2cedff20999df2af8eb42d56 -> 
  custom:scripting/monoscript/fileName/ShaderProperty.cs: 82bb21d4405e65966350eb3cb56ff024 -> 
  custom:scripting/monoscript/fileName/ShaderProperty.Implementations.cs: 832c102de82f04cdc65de110fef55bbe -> 
  custom:scripting/monoscript/fileName/GlobalOptions.cs: fe6494fa426a8040736381ebbdd122c8 -> 
  custom:scripting/monoscript/fileName/TCP2_OutlineInspector.cs: 65523a4924160d9a16e9359205373c7a -> 
  custom:scripting/monoscript/fileName/TCP2_ExpressionParser.cs: 2d12153f030e7001c6e8dd49a9c830ab -> 
  custom:scripting/monoscript/fileName/TCP2_MaterialInspector_PBS.cs: 6b7e84d2fcbb320e53bf430f9d42cf27 -> 
  custom:scripting/monoscript/fileName/TCP2_SmoothedNormalsUtility.cs: d0c50f866cd0458673f04524aac330ab -> 
  custom:scripting/monoscript/fileName/CodeInjection.cs: 53eca25ffbc932bdcc2f182b3a74b3ef -> 
  custom:scripting/monoscript/fileName/BloomEditor.cs: a48a482d8411f395a95a3ae16e7ee54d -> c341bb26b40744c3a5c2a142ac3e1051
  custom:scripting/monoscript/fileName/TCP2_Demo_PBS.cs: bf0261dde914e2ef482e8008955d4b0e -> 
  custom:audio-encoder-webm-vorbis: bf7c407c2cedff20999df2af8eb42d56 -> 
  custom:scripting/monoscript/fileName/Template.cs: 955ddae9cda1c5cb75f6ed421335be29 -> 
  custom:scripting/monoscript/fileName/Module.cs: 778e7a9ccb860ce5ee06b85a41592eb7 -> 9cffc223e3cf6968fcbc7ffa33b894e5
========================================================================
Received Prepare
Refreshing native plugins compatible for Editor in 1.39 ms, found 3 plugins.
Preloading 0 native plugins for Editor in 0.00 ms.
Unloading 13 Unused Serialized files (Serialized files now loaded: 0)
Unloading 13 unused Assets / (189.8 KB). Loaded Objects now: 4020.
Memory consumption went from 78.4 MB to 78.2 MB.
Total: 3.423600 ms (FindLiveObjects: 0.392000 ms CreateObjectMapping: 0.067500 ms MarkObjects: 2.879900 ms  DeleteObjects: 0.083500 ms)

Prepare: number of updated asset objects reloaded= 0
AssetImportParameters requested are different than current active one (requested -> active):
  custom:scripting/monoscript/fileName/TCP2_GradientManager.cs: fcc0eade98cac5b7275979695df635bb -> 
  custom:scripting/monoscript/fileName/MaterialInspector_SG2.cs: 8e87db41a3a0c328381e02b96642d5ed -> 
  custom:container-demuxer-ogg: 62fdf1f143b41e24485cea50d1cbac27 -> 
  custom:scripting/monoscript/fileName/TCP2_ShaderGeneratorUtils.cs: 60f19fd12c7e608165239da51b7c9347 -> 
  custom:scripting/monoscript/fileName/MaterialInspector_Hybrid.cs: dd0479f081972fc1bd8117e9b8a3c19c -> 
  custom:scripting/monoscript/fileName/UIFeatures.cs: 4fdc490df447934db2a1c1930602ea90 -> 
  custom:video-codec-MediaFoundation-h265: 746d11721c4dcdbdad8f713fa42b33f4 -> 
  custom:video-decoder-ogg-theora: a1e56fd34408186e4bbccfd4996cb3dc -> 
  custom:scripting/monoscript/fileName/TCP2_GetPosOnWater_Editor.cs: f070524cbf80cc182ddafc23e9b0c865 -> 
  custom:framework-win-MediaFoundation: 216162199b28c13a410421893ffa2e32 -> 
  custom:scripting/monoscript/fileName/TCP2_Demo_GammaLinear.cs: b35f68aa1d552cb4d1a4ec6c926c0f0b -> 
  custom:scripting/monoscript/fileName/TCP2_GUI.cs: 1338930458367abb0020a550450a40ac -> 
  custom:scripting/monoscript/fileName/TCP2_Demo_Interactive.cs: c0fc773abdf677858f2b632324822fc1 -> 
  custom:scripting/monoscript/fileName/TCP2_Demo_Interactive_Content.cs: af5c3adfbee3ee106cc636b55f10baea -> 
  custom:scripting/monoscript/fileName/TCP2_RuntimeUtils.cs: 6234d1c0df7a9f06c3c188e83442ae85 -> 
  custom:scripting/monoscript/fileName/TCP2_Demo_InvertedMaskImage.cs: ffd3558dbe2bfe9f162715877425f894 -> 
  custom:scripting/monoscript/fileName/ReorderableLayoutList.cs: 9ba7bd4c991c73731c821315ffcd1d38 -> 
  custom:scripting/monoscript/fileName/TCP2_Demo.cs: f66526b53badb7ad665229520cd3259d -> 
  custom:CustomObjectIndexerAttribute: 9a22284fe3817be447336de3de66b15e -> 
  custom:scripting/monoscript/fileName/TCP2_Demo_PBS_View.cs: c54dfb82e8364e406c25d94e7503bb47 -> 
  custom:scripting/monoscript/fileName/Tooltip.cs: 6d98b883b77bd4eb3be7c69498228e5b -> efbd10c978725fde614599dc839eb715
  custom:scripting/monoscript/fileName/TCP2_Demo_Cat.cs: ddce114892a3e78f308d54f7c0d40e51 -> 
  custom:container-demuxer-webm: 4f35f7cbe854078d1ac9338744f61a02 -> 
  custom:scripting/monoscript/fileName/TCP2_Demo_AutoRotate.cs: 0567dee0421ae0886b132939e2b454c8 -> 
  custom:scripting/monoscript/fileName/TCP2_Utils.cs: d281bbd614b05954e715119ffb4e24b0 -> 
  custom:scripting/monoscript/fileName/TCP2_MaterialInspector_PBS_SG.cs: 854a75f3d615b0c507e87b45b4a3c6d0 -> 
  custom:scripting/monoscript/fileName/TCP2_Menu.cs: 88e64115b36f2d5f17b21666c38f240d -> 
  custom:scripting/monoscript/fileName/TCP2_Demo_Interactive_Environment.cs: 08147bc20b048c5b5aea073f2107a938 -> 
  custom:scripting/monoscript/fileName/Config.cs: fae96f2b91a511890105fb9b95d24d0b -> 
  custom:scripting/monoscript/fileName/TCP2_CameraDepth.cs: 78d341a8ab5c83f87f48439841cfe550 -> 
  custom:container-muxer-webm: aa71ff27fc2769a1b78a27578f13a17b -> 
  custom:video-decoder-webm-vp8: 9c59270c3fd7afecdb556c50c9e8de78 -> 
  custom:scripting/monoscript/fileName/TCP2_Demo_AnimateMaterial.cs: 36cd3afdb13edf651922a70330252de1 -> 
  custom:scripting/monoscript/fileName/TCP2_ShaderUpdateUnityTime_Editor.cs: c0adbd8b2cef361b0d030b13795a28f1 -> 
  custom:SearchIndexIgnoredProperties: e643bd26f0fe6173181afceb89e7c659 -> 
  custom:scripting/monoscript/fileName/TCP2_ShaderGenerator.UIFeatures.cs: 1d2933bc56d7311d0449931f9ae688f2 -> 
  custom:AudioImporter_EditorPlatform: d09bf68614088b80899f8185d706f6e7 -> 
  custom:scripting/monoscript/fileName/Serialization.cs: a597a656351bb23afb778cbe20ff24fa -> dd6acf6845fbd366eebfbdc457fca7bf
  custom:scripting/monoscript/fileName/TCP2_MaterialInspector_SurfacePBS_SG.cs: 88b6aab46ec263e3f285a8b01039276b -> 
  custom:scripting/monoscript/fileName/BloomGraphDrawer.cs: 9600e9f64d67dabab17944976945a2fa -> 
  custom:scripting/monoscript/fileName/TCP2_ShaderUpdateUnityTime.cs: 61bb3190525b24acadb5199bc561b249 -> 
  custom:scripting/monoscript/fileName/TCP2_PlanarReflection.cs: 09ded59f42b98316a095fe201bedfef7 -> 
  custom:scripting/monoscript/fileName/TCP2_RampGenerator.cs: eaec3e604e38ce2a529b64230727e120 -> 
  custom:scripting/monoscript/fileName/SGUILayout.cs: 9a748d27fc237893445b0be72a0a383e -> 
  custom:scripting/monoscript/fileName/ShaderGenerator2.cs: e5295c95a591168ca7cb39a3ade1c16c -> 
  custom:scripting/monoscript/fileName/TCP2_MaterialInspector_SG.cs: 831645fb097b4502f2682dac3160ce44 -> 
  custom:scripting/monoscript/fileName/ShaderProperty.CustomMaterialProperty.cs: bc66a2637169b9e3b0a7518af3f83ec8 -> 
  custom:scripting/monoscript/fileName/TCP2_Demo_Camera.cs: cb4db1febccc2c4e09ec7a6d23187ea7 -> 
  custom:scripting/monoscript/fileName/TCP2_Demo_View.cs: 7e6099098a9785fde276519acfef40f1 -> 
  custom:scripting/monoscript/fileName/TCP2_Config.cs: f4d22248fc55d9b99738808a615b972c -> 
  custom:video-encoder-webm-vp8: eb34c28f22e8b96e1ab97ce403110664 -> 
  custom:scripting/monoscript/fileName/TCP2_MaterialInspector.cs: 1f5ad91034ee25bbec41e2eeabf5a3bd -> 
  custom:scripting/monoscript/fileName/TCP2_GetPosOnWater.cs: 09fece8a0755d1b11f9fdf3eb77dcbc0 -> 
  custom:scripting/monoscript/fileName/Bloom.cs: e82d119aa2efdcbdd1539124121b585d -> 6f6d579a64201b97313a62a1e91b3575
  custom:audio-decoder-ogg-vorbis: bf7c407c2cedff20999df2af8eb42d56 -> 
  custom:scripting/monoscript/fileName/ShaderProperty.cs: 82bb21d4405e65966350eb3cb56ff024 -> 
  custom:scripting/monoscript/fileName/ShaderProperty.Implementations.cs: 832c102de82f04cdc65de110fef55bbe -> 
  custom:scripting/monoscript/fileName/GlobalOptions.cs: fe6494fa426a8040736381ebbdd122c8 -> 
  custom:scripting/monoscript/fileName/TCP2_OutlineInspector.cs: 65523a4924160d9a16e9359205373c7a -> 
  custom:scripting/monoscript/fileName/TCP2_ExpressionParser.cs: 2d12153f030e7001c6e8dd49a9c830ab -> 
  custom:scripting/monoscript/fileName/TCP2_MaterialInspector_PBS.cs: 6b7e84d2fcbb320e53bf430f9d42cf27 -> 
  custom:scripting/monoscript/fileName/TCP2_SmoothedNormalsUtility.cs: d0c50f866cd0458673f04524aac330ab -> 
  custom:scripting/monoscript/fileName/CodeInjection.cs: 53eca25ffbc932bdcc2f182b3a74b3ef -> 
  custom:scripting/monoscript/fileName/BloomEditor.cs: a48a482d8411f395a95a3ae16e7ee54d -> c341bb26b40744c3a5c2a142ac3e1051
  custom:scripting/monoscript/fileName/TCP2_Demo_PBS.cs: bf0261dde914e2ef482e8008955d4b0e -> 
  custom:audio-encoder-webm-vorbis: bf7c407c2cedff20999df2af8eb42d56 -> 
  custom:scripting/monoscript/fileName/Template.cs: 955ddae9cda1c5cb75f6ed421335be29 -> 
  custom:scripting/monoscript/fileName/Module.cs: 778e7a9ccb860ce5ee06b85a41592eb7 -> 9cffc223e3cf6968fcbc7ffa33b894e5
========================================================================
Received Prepare
Refreshing native plugins compatible for Editor in 1.67 ms, found 3 plugins.
Preloading 0 native plugins for Editor in 0.00 ms.
Unloading 13 Unused Serialized files (Serialized files now loaded: 0)
Unloading 13 unused Assets / (189.8 KB). Loaded Objects now: 4020.
Memory consumption went from 78.0 MB to 77.8 MB.
Total: 3.827800 ms (FindLiveObjects: 0.626300 ms CreateObjectMapping: 0.135200 ms MarkObjects: 2.992800 ms  DeleteObjects: 0.072500 ms)

Prepare: number of updated asset objects reloaded= 0
AssetImportParameters requested are different than current active one (requested -> active):
  custom:scripting/monoscript/fileName/TCP2_GradientManager.cs: fcc0eade98cac5b7275979695df635bb -> 
  custom:scripting/monoscript/fileName/MaterialInspector_SG2.cs: 8e87db41a3a0c328381e02b96642d5ed -> 
  custom:container-demuxer-ogg: 62fdf1f143b41e24485cea50d1cbac27 -> 
  custom:scripting/monoscript/fileName/TCP2_ShaderGeneratorUtils.cs: 60f19fd12c7e608165239da51b7c9347 -> 
  custom:scripting/monoscript/fileName/MaterialInspector_Hybrid.cs: dd0479f081972fc1bd8117e9b8a3c19c -> 
  custom:scripting/monoscript/fileName/UIFeatures.cs: 4fdc490df447934db2a1c1930602ea90 -> 
  custom:video-codec-MediaFoundation-h265: 746d11721c4dcdbdad8f713fa42b33f4 -> 
  custom:video-decoder-ogg-theora: a1e56fd34408186e4bbccfd4996cb3dc -> 
  custom:scripting/monoscript/fileName/TCP2_GetPosOnWater_Editor.cs: f070524cbf80cc182ddafc23e9b0c865 -> 
  custom:framework-win-MediaFoundation: 216162199b28c13a410421893ffa2e32 -> 
  custom:scripting/monoscript/fileName/TCP2_Demo_GammaLinear.cs: b35f68aa1d552cb4d1a4ec6c926c0f0b -> 
  custom:scripting/monoscript/fileName/TCP2_GUI.cs: 1338930458367abb0020a550450a40ac -> 
  custom:scripting/monoscript/fileName/TCP2_Demo_Interactive.cs: c0fc773abdf677858f2b632324822fc1 -> 
  custom:scripting/monoscript/fileName/TCP2_Demo_Interactive_Content.cs: af5c3adfbee3ee106cc636b55f10baea -> 
  custom:scripting/monoscript/fileName/TCP2_RuntimeUtils.cs: 6234d1c0df7a9f06c3c188e83442ae85 -> 
  custom:scripting/monoscript/fileName/TCP2_Demo_InvertedMaskImage.cs: ffd3558dbe2bfe9f162715877425f894 -> 
  custom:scripting/monoscript/fileName/ReorderableLayoutList.cs: 9ba7bd4c991c73731c821315ffcd1d38 -> 
  custom:scripting/monoscript/fileName/TCP2_Demo.cs: f66526b53badb7ad665229520cd3259d -> 
  custom:CustomObjectIndexerAttribute: 9a22284fe3817be447336de3de66b15e -> 
  custom:scripting/monoscript/fileName/TCP2_Demo_PBS_View.cs: c54dfb82e8364e406c25d94e7503bb47 -> 
  custom:scripting/monoscript/fileName/Tooltip.cs: 6d98b883b77bd4eb3be7c69498228e5b -> efbd10c978725fde614599dc839eb715
  custom:scripting/monoscript/fileName/TCP2_Demo_Cat.cs: ddce114892a3e78f308d54f7c0d40e51 -> 
  custom:container-demuxer-webm: 4f35f7cbe854078d1ac9338744f61a02 -> 
  custom:scripting/monoscript/fileName/TCP2_Demo_AutoRotate.cs: 0567dee0421ae0886b132939e2b454c8 -> 
  custom:scripting/monoscript/fileName/TCP2_Utils.cs: d281bbd614b05954e715119ffb4e24b0 -> 
  custom:scripting/monoscript/fileName/TCP2_MaterialInspector_PBS_SG.cs: 854a75f3d615b0c507e87b45b4a3c6d0 -> 
  custom:scripting/monoscript/fileName/TCP2_Menu.cs: 88e64115b36f2d5f17b21666c38f240d -> 
  custom:scripting/monoscript/fileName/TCP2_Demo_Interactive_Environment.cs: 08147bc20b048c5b5aea073f2107a938 -> 
  custom:scripting/monoscript/fileName/Config.cs: fae96f2b91a511890105fb9b95d24d0b -> 
  custom:scripting/monoscript/fileName/TCP2_CameraDepth.cs: 78d341a8ab5c83f87f48439841cfe550 -> 
  custom:container-muxer-webm: aa71ff27fc2769a1b78a27578f13a17b -> 
  custom:video-decoder-webm-vp8: 9c59270c3fd7afecdb556c50c9e8de78 -> 
  custom:scripting/monoscript/fileName/TCP2_Demo_AnimateMaterial.cs: 36cd3afdb13edf651922a70330252de1 -> 
  custom:scripting/monoscript/fileName/TCP2_ShaderUpdateUnityTime_Editor.cs: c0adbd8b2cef361b0d030b13795a28f1 -> 
  custom:SearchIndexIgnoredProperties: e643bd26f0fe6173181afceb89e7c659 -> 
  custom:scripting/monoscript/fileName/TCP2_ShaderGenerator.UIFeatures.cs: 1d2933bc56d7311d0449931f9ae688f2 -> 
  custom:AudioImporter_EditorPlatform: d09bf68614088b80899f8185d706f6e7 -> 
  custom:scripting/monoscript/fileName/Serialization.cs: a597a656351bb23afb778cbe20ff24fa -> dd6acf6845fbd366eebfbdc457fca7bf
  custom:scripting/monoscript/fileName/TCP2_MaterialInspector_SurfacePBS_SG.cs: 88b6aab46ec263e3f285a8b01039276b -> 
  custom:scripting/monoscript/fileName/BloomGraphDrawer.cs: 9600e9f64d67dabab17944976945a2fa -> 
  custom:scripting/monoscript/fileName/TCP2_ShaderUpdateUnityTime.cs: 61bb3190525b24acadb5199bc561b249 -> 
  custom:scripting/monoscript/fileName/TCP2_PlanarReflection.cs: 09ded59f42b98316a095fe201bedfef7 -> 
  custom:scripting/monoscript/fileName/TCP2_RampGenerator.cs: eaec3e604e38ce2a529b64230727e120 -> 
  custom:scripting/monoscript/fileName/SGUILayout.cs: 9a748d27fc237893445b0be72a0a383e -> 
  custom:scripting/monoscript/fileName/ShaderGenerator2.cs: e5295c95a591168ca7cb39a3ade1c16c -> 
  custom:scripting/monoscript/fileName/TCP2_MaterialInspector_SG.cs: 831645fb097b4502f2682dac3160ce44 -> 
  custom:scripting/monoscript/fileName/ShaderProperty.CustomMaterialProperty.cs: bc66a2637169b9e3b0a7518af3f83ec8 -> 
  custom:scripting/monoscript/fileName/TCP2_Demo_Camera.cs: cb4db1febccc2c4e09ec7a6d23187ea7 -> 
  custom:scripting/monoscript/fileName/TCP2_Demo_View.cs: 7e6099098a9785fde276519acfef40f1 -> 
  custom:scripting/monoscript/fileName/TCP2_Config.cs: f4d22248fc55d9b99738808a615b972c -> 
  custom:video-encoder-webm-vp8: eb34c28f22e8b96e1ab97ce403110664 -> 
  custom:scripting/monoscript/fileName/TCP2_MaterialInspector.cs: 1f5ad91034ee25bbec41e2eeabf5a3bd -> 
  custom:scripting/monoscript/fileName/TCP2_GetPosOnWater.cs: 09fece8a0755d1b11f9fdf3eb77dcbc0 -> 
  custom:scripting/monoscript/fileName/Bloom.cs: e82d119aa2efdcbdd1539124121b585d -> 6f6d579a64201b97313a62a1e91b3575
  custom:audio-decoder-ogg-vorbis: bf7c407c2cedff20999df2af8eb42d56 -> 
  custom:scripting/monoscript/fileName/ShaderProperty.cs: 82bb21d4405e65966350eb3cb56ff024 -> 
  custom:scripting/monoscript/fileName/ShaderProperty.Implementations.cs: 832c102de82f04cdc65de110fef55bbe -> 
  custom:scripting/monoscript/fileName/GlobalOptions.cs: fe6494fa426a8040736381ebbdd122c8 -> 
  custom:scripting/monoscript/fileName/TCP2_OutlineInspector.cs: 65523a4924160d9a16e9359205373c7a -> 
  custom:scripting/monoscript/fileName/TCP2_ExpressionParser.cs: 2d12153f030e7001c6e8dd49a9c830ab -> 
  custom:scripting/monoscript/fileName/TCP2_MaterialInspector_PBS.cs: 6b7e84d2fcbb320e53bf430f9d42cf27 -> 
  custom:scripting/monoscript/fileName/TCP2_SmoothedNormalsUtility.cs: d0c50f866cd0458673f04524aac330ab -> 
  custom:scripting/monoscript/fileName/CodeInjection.cs: 53eca25ffbc932bdcc2f182b3a74b3ef -> 
  custom:scripting/monoscript/fileName/BloomEditor.cs: a48a482d8411f395a95a3ae16e7ee54d -> c341bb26b40744c3a5c2a142ac3e1051
  custom:scripting/monoscript/fileName/TCP2_Demo_PBS.cs: bf0261dde914e2ef482e8008955d4b0e -> 
  custom:audio-encoder-webm-vorbis: bf7c407c2cedff20999df2af8eb42d56 -> 
  custom:scripting/monoscript/fileName/Template.cs: 955ddae9cda1c5cb75f6ed421335be29 -> 
  custom:scripting/monoscript/fileName/Module.cs: 778e7a9ccb860ce5ee06b85a41592eb7 -> 9cffc223e3cf6968fcbc7ffa33b894e5
========================================================================
Received Prepare
Caller must complete domain reload
Begin MonoManager ReloadAssembly
- Loaded All Assemblies, in  0.591 seconds
Native extension for WindowsStandalone target not found
Native extension for Android target not found
Native extension for WebGL target not found
Mono: successfully reloaded assembly
- Finished resetting the current domain, in  1.404 seconds
Domain Reload Profiling: 1996ms
	BeginReloadAssembly (218ms)
		ExecutionOrderSort (0ms)
		DisableScriptedObjects (6ms)
		BackupInstance (0ms)
		ReleaseScriptingObjects (0ms)
		CreateAndSetChildDomain (57ms)
	RebuildCommonClasses (37ms)
	RebuildNativeTypeToScriptingClass (14ms)
	initialDomainReloadingComplete (32ms)
	LoadAllAssembliesAndSetupDomain (291ms)
		LoadAssemblies (380ms)
		RebuildTransferFunctionScriptingTraits (0ms)
		AnalyzeDomain (34ms)
			TypeCache.Refresh (12ms)
				TypeCache.ScanAssembly (1ms)
			ScanForSourceGeneratedMonoScriptInfo (10ms)
			ResolveRequiredComponents (9ms)
	FinalizeReload (1405ms)
		ReleaseScriptCaches (0ms)
		RebuildScriptCaches (0ms)
		SetupLoadedEditorAssemblies (472ms)
			LogAssemblyErrors (0ms)
			InitializePlatformSupportModulesInManaged (22ms)
			SetLoadedEditorAssemblies (5ms)
			RefreshPlugins (0ms)
			BeforeProcessingInitializeOnLoad (60ms)
			ProcessInitializeOnLoadAttributes (364ms)
			ProcessInitializeOnLoadMethodAttributes (20ms)
			AfterProcessingInitializeOnLoad (2ms)
			EditorAssembliesLoaded (0ms)
		ExecutionOrderSort2 (0ms)
		AwakeInstancesAfterBackupRestoration (9ms)
Refreshing native plugins compatible for Editor in 2.07 ms, found 3 plugins.
Preloading 0 native plugins for Editor in 0.00 ms.
Unloading 3443 Unused Serialized files (Serialized files now loaded: 0)
Unloading 26 unused Assets / (195.4 KB). Loaded Objects now: 4024.
Memory consumption went from 131.5 MB to 131.3 MB.
Total: 2.566300 ms (FindLiveObjects: 0.251900 ms CreateObjectMapping: 0.069900 ms MarkObjects: 2.161600 ms  DeleteObjects: 0.081800 ms)

Prepare: number of updated asset objects reloaded= 0
AssetImportParameters requested are different than current active one (requested -> active):
  custom:scripting/monoscript/fileName/TCP2_GradientManager.cs: fcc0eade98cac5b7275979695df635bb -> 
  custom:scripting/monoscript/fileName/MaterialInspector_SG2.cs: 8e87db41a3a0c328381e02b96642d5ed -> 
  custom:container-demuxer-ogg: 62fdf1f143b41e24485cea50d1cbac27 -> 
  custom:scripting/monoscript/fileName/TCP2_ShaderGeneratorUtils.cs: 60f19fd12c7e608165239da51b7c9347 -> 
  custom:scripting/monoscript/fileName/MaterialInspector_Hybrid.cs: dd0479f081972fc1bd8117e9b8a3c19c -> 
  custom:scripting/monoscript/fileName/UIFeatures.cs: 4fdc490df447934db2a1c1930602ea90 -> 
  custom:video-codec-MediaFoundation-h265: 746d11721c4dcdbdad8f713fa42b33f4 -> 
  custom:video-decoder-ogg-theora: a1e56fd34408186e4bbccfd4996cb3dc -> 
  custom:scripting/monoscript/fileName/TCP2_GetPosOnWater_Editor.cs: f070524cbf80cc182ddafc23e9b0c865 -> 
  custom:framework-win-MediaFoundation: 216162199b28c13a410421893ffa2e32 -> 
  custom:scripting/monoscript/fileName/TCP2_Demo_GammaLinear.cs: b35f68aa1d552cb4d1a4ec6c926c0f0b -> 
  custom:scripting/monoscript/fileName/TCP2_GUI.cs: 1338930458367abb0020a550450a40ac -> 
  custom:scripting/monoscript/fileName/TCP2_Demo_Interactive.cs: c0fc773abdf677858f2b632324822fc1 -> 
  custom:scripting/monoscript/fileName/TCP2_Demo_Interactive_Content.cs: af5c3adfbee3ee106cc636b55f10baea -> 
  custom:scripting/monoscript/fileName/TCP2_RuntimeUtils.cs: 6234d1c0df7a9f06c3c188e83442ae85 -> 
  custom:scripting/monoscript/fileName/TCP2_Demo_InvertedMaskImage.cs: ffd3558dbe2bfe9f162715877425f894 -> 
  custom:scripting/monoscript/fileName/ReorderableLayoutList.cs: 9ba7bd4c991c73731c821315ffcd1d38 -> 
  custom:scripting/monoscript/fileName/TCP2_Demo.cs: f66526b53badb7ad665229520cd3259d -> 
  custom:CustomObjectIndexerAttribute: 9a22284fe3817be447336de3de66b15e -> 
  custom:scripting/monoscript/fileName/TCP2_Demo_PBS_View.cs: c54dfb82e8364e406c25d94e7503bb47 -> 
  custom:scripting/monoscript/fileName/Tooltip.cs: 6d98b883b77bd4eb3be7c69498228e5b -> efbd10c978725fde614599dc839eb715
  custom:scripting/monoscript/fileName/TCP2_Demo_Cat.cs: ddce114892a3e78f308d54f7c0d40e51 -> 
  custom:container-demuxer-webm: 4f35f7cbe854078d1ac9338744f61a02 -> 
  custom:scripting/monoscript/fileName/TCP2_Demo_AutoRotate.cs: 0567dee0421ae0886b132939e2b454c8 -> 
  custom:scripting/monoscript/fileName/TCP2_Utils.cs: d281bbd614b05954e715119ffb4e24b0 -> 
  custom:scripting/monoscript/fileName/TCP2_MaterialInspector_PBS_SG.cs: 854a75f3d615b0c507e87b45b4a3c6d0 -> 
  custom:scripting/monoscript/fileName/TCP2_Menu.cs: 88e64115b36f2d5f17b21666c38f240d -> 
  custom:scripting/monoscript/fileName/TCP2_Demo_Interactive_Environment.cs: 08147bc20b048c5b5aea073f2107a938 -> 
  custom:scripting/monoscript/fileName/Config.cs: fae96f2b91a511890105fb9b95d24d0b -> 
  custom:scripting/monoscript/fileName/TCP2_CameraDepth.cs: 78d341a8ab5c83f87f48439841cfe550 -> 
  custom:container-muxer-webm: aa71ff27fc2769a1b78a27578f13a17b -> 
  custom:video-decoder-webm-vp8: 9c59270c3fd7afecdb556c50c9e8de78 -> 
  custom:scripting/monoscript/fileName/TCP2_Demo_AnimateMaterial.cs: 36cd3afdb13edf651922a70330252de1 -> 
  custom:scripting/monoscript/fileName/TCP2_ShaderUpdateUnityTime_Editor.cs: c0adbd8b2cef361b0d030b13795a28f1 -> 
  custom:SearchIndexIgnoredProperties: e643bd26f0fe6173181afceb89e7c659 -> 
  custom:scripting/monoscript/fileName/TCP2_ShaderGenerator.UIFeatures.cs: 1d2933bc56d7311d0449931f9ae688f2 -> 
  custom:AudioImporter_EditorPlatform: d09bf68614088b80899f8185d706f6e7 -> 
  custom:scripting/monoscript/fileName/Serialization.cs: a597a656351bb23afb778cbe20ff24fa -> dd6acf6845fbd366eebfbdc457fca7bf
  custom:scripting/monoscript/fileName/TCP2_MaterialInspector_SurfacePBS_SG.cs: 88b6aab46ec263e3f285a8b01039276b -> 
  custom:scripting/monoscript/fileName/BloomGraphDrawer.cs: 9600e9f64d67dabab17944976945a2fa -> 
  custom:scripting/monoscript/fileName/TCP2_ShaderUpdateUnityTime.cs: 61bb3190525b24acadb5199bc561b249 -> 
  custom:scripting/monoscript/fileName/TCP2_PlanarReflection.cs: 09ded59f42b98316a095fe201bedfef7 -> 
  custom:scripting/monoscript/fileName/TCP2_RampGenerator.cs: eaec3e604e38ce2a529b64230727e120 -> 
  custom:scripting/monoscript/fileName/SGUILayout.cs: 9a748d27fc237893445b0be72a0a383e -> 
  custom:scripting/monoscript/fileName/ShaderGenerator2.cs: e5295c95a591168ca7cb39a3ade1c16c -> 
  custom:scripting/monoscript/fileName/TCP2_MaterialInspector_SG.cs: 831645fb097b4502f2682dac3160ce44 -> 
  custom:scripting/monoscript/fileName/ShaderProperty.CustomMaterialProperty.cs: bc66a2637169b9e3b0a7518af3f83ec8 -> 
  custom:scripting/monoscript/fileName/TCP2_Demo_Camera.cs: cb4db1febccc2c4e09ec7a6d23187ea7 -> 
  custom:scripting/monoscript/fileName/TCP2_Demo_View.cs: 7e6099098a9785fde276519acfef40f1 -> 
  custom:scripting/monoscript/fileName/TCP2_Config.cs: f4d22248fc55d9b99738808a615b972c -> 
  custom:video-encoder-webm-vp8: eb34c28f22e8b96e1ab97ce403110664 -> 
  custom:scripting/monoscript/fileName/TCP2_MaterialInspector.cs: 1f5ad91034ee25bbec41e2eeabf5a3bd -> 
  custom:scripting/monoscript/fileName/TCP2_GetPosOnWater.cs: 09fece8a0755d1b11f9fdf3eb77dcbc0 -> 
  custom:scripting/monoscript/fileName/Bloom.cs: e82d119aa2efdcbdd1539124121b585d -> 6f6d579a64201b97313a62a1e91b3575
  custom:audio-decoder-ogg-vorbis: bf7c407c2cedff20999df2af8eb42d56 -> 
  custom:scripting/monoscript/fileName/ShaderProperty.cs: 82bb21d4405e65966350eb3cb56ff024 -> 
  custom:scripting/monoscript/fileName/ShaderProperty.Implementations.cs: 832c102de82f04cdc65de110fef55bbe -> 
  custom:scripting/monoscript/fileName/GlobalOptions.cs: fe6494fa426a8040736381ebbdd122c8 -> 
  custom:scripting/monoscript/fileName/TCP2_OutlineInspector.cs: 65523a4924160d9a16e9359205373c7a -> 
  custom:scripting/monoscript/fileName/TCP2_ExpressionParser.cs: 2d12153f030e7001c6e8dd49a9c830ab -> 
  custom:scripting/monoscript/fileName/TCP2_MaterialInspector_PBS.cs: 6b7e84d2fcbb320e53bf430f9d42cf27 -> 
  custom:scripting/monoscript/fileName/TCP2_SmoothedNormalsUtility.cs: d0c50f866cd0458673f04524aac330ab -> 
  custom:scripting/monoscript/fileName/CodeInjection.cs: 53eca25ffbc932bdcc2f182b3a74b3ef -> 
  custom:scripting/monoscript/fileName/BloomEditor.cs: a48a482d8411f395a95a3ae16e7ee54d -> c341bb26b40744c3a5c2a142ac3e1051
  custom:scripting/monoscript/fileName/TCP2_Demo_PBS.cs: bf0261dde914e2ef482e8008955d4b0e -> 
  custom:audio-encoder-webm-vorbis: bf7c407c2cedff20999df2af8eb42d56 -> 
  custom:scripting/monoscript/fileName/Template.cs: 955ddae9cda1c5cb75f6ed421335be29 -> 
  custom:scripting/monoscript/fileName/Module.cs: 778e7a9ccb860ce5ee06b85a41592eb7 -> 9cffc223e3cf6968fcbc7ffa33b894e5
========================================================================
Received Prepare
Caller must complete domain reload
Begin MonoManager ReloadAssembly
- Loaded All Assemblies, in  0.416 seconds
Native extension for WindowsStandalone target not found
Native extension for Android target not found
Native extension for WebGL target not found
Mono: successfully reloaded assembly
- Finished resetting the current domain, in  0.887 seconds
Domain Reload Profiling: 1303ms
	BeginReloadAssembly (153ms)
		ExecutionOrderSort (0ms)
		DisableScriptedObjects (5ms)
		BackupInstance (0ms)
		ReleaseScriptingObjects (0ms)
		CreateAndSetChildDomain (33ms)
	RebuildCommonClasses (37ms)
	RebuildNativeTypeToScriptingClass (15ms)
	initialDomainReloadingComplete (28ms)
	LoadAllAssembliesAndSetupDomain (182ms)
		LoadAssemblies (246ms)
		RebuildTransferFunctionScriptingTraits (0ms)
		AnalyzeDomain (23ms)
			TypeCache.Refresh (8ms)
				TypeCache.ScanAssembly (1ms)
			ScanForSourceGeneratedMonoScriptInfo (8ms)
			ResolveRequiredComponents (5ms)
	FinalizeReload (888ms)
		ReleaseScriptCaches (0ms)
		RebuildScriptCaches (0ms)
		SetupLoadedEditorAssemblies (399ms)
			LogAssemblyErrors (0ms)
			InitializePlatformSupportModulesInManaged (19ms)
			SetLoadedEditorAssemblies (5ms)
			RefreshPlugins (0ms)
			BeforeProcessingInitializeOnLoad (55ms)
			ProcessInitializeOnLoadAttributes (297ms)
			ProcessInitializeOnLoadMethodAttributes (21ms)
			AfterProcessingInitializeOnLoad (2ms)
			EditorAssembliesLoaded (0ms)
		ExecutionOrderSort2 (0ms)
		AwakeInstancesAfterBackupRestoration (7ms)
Refreshing native plugins compatible for Editor in 1.90 ms, found 3 plugins.
Preloading 0 native plugins for Editor in 0.00 ms.
Unloading 3443 Unused Serialized files (Serialized files now loaded: 0)
Unloading 26 unused Assets / (195.3 KB). Loaded Objects now: 4028.
Memory consumption went from 131.5 MB to 131.3 MB.
Total: 3.274000 ms (FindLiveObjects: 0.422300 ms CreateObjectMapping: 0.152900 ms MarkObjects: 2.603000 ms  DeleteObjects: 0.094700 ms)

Prepare: number of updated asset objects reloaded= 0
AssetImportParameters requested are different than current active one (requested -> active):
  custom:scripting/monoscript/fileName/TCP2_GradientManager.cs: fcc0eade98cac5b7275979695df635bb -> 
  custom:scripting/monoscript/fileName/MaterialInspector_SG2.cs: 8e87db41a3a0c328381e02b96642d5ed -> 
  custom:container-demuxer-ogg: 62fdf1f143b41e24485cea50d1cbac27 -> 
  custom:scripting/monoscript/fileName/TCP2_ShaderGeneratorUtils.cs: 60f19fd12c7e608165239da51b7c9347 -> 
  custom:scripting/monoscript/fileName/MaterialInspector_Hybrid.cs: dd0479f081972fc1bd8117e9b8a3c19c -> 
  custom:scripting/monoscript/fileName/UIFeatures.cs: 4fdc490df447934db2a1c1930602ea90 -> 
  custom:video-codec-MediaFoundation-h265: 746d11721c4dcdbdad8f713fa42b33f4 -> 
  custom:video-decoder-ogg-theora: a1e56fd34408186e4bbccfd4996cb3dc -> 
  custom:scripting/monoscript/fileName/TCP2_GetPosOnWater_Editor.cs: f070524cbf80cc182ddafc23e9b0c865 -> 
  custom:framework-win-MediaFoundation: 216162199b28c13a410421893ffa2e32 -> 
  custom:scripting/monoscript/fileName/TCP2_Demo_GammaLinear.cs: b35f68aa1d552cb4d1a4ec6c926c0f0b -> 
  custom:scripting/monoscript/fileName/TCP2_GUI.cs: 1338930458367abb0020a550450a40ac -> 
  custom:scripting/monoscript/fileName/TCP2_Demo_Interactive.cs: c0fc773abdf677858f2b632324822fc1 -> 
  custom:scripting/monoscript/fileName/TCP2_Demo_Interactive_Content.cs: af5c3adfbee3ee106cc636b55f10baea -> 
  custom:scripting/monoscript/fileName/TCP2_RuntimeUtils.cs: 6234d1c0df7a9f06c3c188e83442ae85 -> 
  custom:scripting/monoscript/fileName/TCP2_Demo_InvertedMaskImage.cs: ffd3558dbe2bfe9f162715877425f894 -> 
  custom:scripting/monoscript/fileName/ReorderableLayoutList.cs: 9ba7bd4c991c73731c821315ffcd1d38 -> 
  custom:scripting/monoscript/fileName/TCP2_Demo.cs: f66526b53badb7ad665229520cd3259d -> 
  custom:CustomObjectIndexerAttribute: 9a22284fe3817be447336de3de66b15e -> 
  custom:scripting/monoscript/fileName/TCP2_Demo_PBS_View.cs: c54dfb82e8364e406c25d94e7503bb47 -> 
  custom:scripting/monoscript/fileName/Tooltip.cs: 6d98b883b77bd4eb3be7c69498228e5b -> efbd10c978725fde614599dc839eb715
  custom:scripting/monoscript/fileName/TCP2_Demo_Cat.cs: ddce114892a3e78f308d54f7c0d40e51 -> 
  custom:container-demuxer-webm: 4f35f7cbe854078d1ac9338744f61a02 -> 
  custom:scripting/monoscript/fileName/TCP2_Demo_AutoRotate.cs: 0567dee0421ae0886b132939e2b454c8 -> 
  custom:scripting/monoscript/fileName/TCP2_Utils.cs: d281bbd614b05954e715119ffb4e24b0 -> 
  custom:scripting/monoscript/fileName/TCP2_MaterialInspector_PBS_SG.cs: 854a75f3d615b0c507e87b45b4a3c6d0 -> 
  custom:scripting/monoscript/fileName/TCP2_Menu.cs: 88e64115b36f2d5f17b21666c38f240d -> 
  custom:scripting/monoscript/fileName/TCP2_Demo_Interactive_Environment.cs: 08147bc20b048c5b5aea073f2107a938 -> 
  custom:scripting/monoscript/fileName/Config.cs: fae96f2b91a511890105fb9b95d24d0b -> 
  custom:scripting/monoscript/fileName/TCP2_CameraDepth.cs: 78d341a8ab5c83f87f48439841cfe550 -> 
  custom:container-muxer-webm: aa71ff27fc2769a1b78a27578f13a17b -> 
  custom:video-decoder-webm-vp8: 9c59270c3fd7afecdb556c50c9e8de78 -> 
  custom:scripting/monoscript/fileName/TCP2_Demo_AnimateMaterial.cs: 36cd3afdb13edf651922a70330252de1 -> 
  custom:scripting/monoscript/fileName/TCP2_ShaderUpdateUnityTime_Editor.cs: c0adbd8b2cef361b0d030b13795a28f1 -> 
  custom:SearchIndexIgnoredProperties: e643bd26f0fe6173181afceb89e7c659 -> 
  custom:scripting/monoscript/fileName/TCP2_ShaderGenerator.UIFeatures.cs: 1d2933bc56d7311d0449931f9ae688f2 -> 
  custom:AudioImporter_EditorPlatform: d09bf68614088b80899f8185d706f6e7 -> 
  custom:scripting/monoscript/fileName/Serialization.cs: a597a656351bb23afb778cbe20ff24fa -> dd6acf6845fbd366eebfbdc457fca7bf
  custom:scripting/monoscript/fileName/TCP2_MaterialInspector_SurfacePBS_SG.cs: 88b6aab46ec263e3f285a8b01039276b -> 
  custom:scripting/monoscript/fileName/BloomGraphDrawer.cs: 9600e9f64d67dabab17944976945a2fa -> 
  custom:scripting/monoscript/fileName/TCP2_ShaderUpdateUnityTime.cs: 61bb3190525b24acadb5199bc561b249 -> 
  custom:scripting/monoscript/fileName/TCP2_PlanarReflection.cs: 09ded59f42b98316a095fe201bedfef7 -> 
  custom:scripting/monoscript/fileName/TCP2_RampGenerator.cs: eaec3e604e38ce2a529b64230727e120 -> 
  custom:scripting/monoscript/fileName/SGUILayout.cs: 9a748d27fc237893445b0be72a0a383e -> 
  custom:scripting/monoscript/fileName/ShaderGenerator2.cs: e5295c95a591168ca7cb39a3ade1c16c -> 
  custom:scripting/monoscript/fileName/TCP2_MaterialInspector_SG.cs: 831645fb097b4502f2682dac3160ce44 -> 
  custom:scripting/monoscript/fileName/ShaderProperty.CustomMaterialProperty.cs: bc66a2637169b9e3b0a7518af3f83ec8 -> 
  custom:scripting/monoscript/fileName/TCP2_Demo_Camera.cs: cb4db1febccc2c4e09ec7a6d23187ea7 -> 
  custom:scripting/monoscript/fileName/TCP2_Demo_View.cs: 7e6099098a9785fde276519acfef40f1 -> 
  custom:scripting/monoscript/fileName/TCP2_Config.cs: f4d22248fc55d9b99738808a615b972c -> 
  custom:video-encoder-webm-vp8: eb34c28f22e8b96e1ab97ce403110664 -> 
  custom:scripting/monoscript/fileName/TCP2_MaterialInspector.cs: 1f5ad91034ee25bbec41e2eeabf5a3bd -> 
  custom:scripting/monoscript/fileName/TCP2_GetPosOnWater.cs: 09fece8a0755d1b11f9fdf3eb77dcbc0 -> 
  custom:scripting/monoscript/fileName/Bloom.cs: e82d119aa2efdcbdd1539124121b585d -> 6f6d579a64201b97313a62a1e91b3575
  custom:audio-decoder-ogg-vorbis: bf7c407c2cedff20999df2af8eb42d56 -> 
  custom:scripting/monoscript/fileName/ShaderProperty.cs: 82bb21d4405e65966350eb3cb56ff024 -> 
  custom:scripting/monoscript/fileName/ShaderProperty.Implementations.cs: 832c102de82f04cdc65de110fef55bbe -> 
  custom:scripting/monoscript/fileName/GlobalOptions.cs: fe6494fa426a8040736381ebbdd122c8 -> 
  custom:scripting/monoscript/fileName/TCP2_OutlineInspector.cs: 65523a4924160d9a16e9359205373c7a -> 
  custom:scripting/monoscript/fileName/TCP2_ExpressionParser.cs: 2d12153f030e7001c6e8dd49a9c830ab -> 
  custom:scripting/monoscript/fileName/TCP2_MaterialInspector_PBS.cs: 6b7e84d2fcbb320e53bf430f9d42cf27 -> 
  custom:scripting/monoscript/fileName/TCP2_SmoothedNormalsUtility.cs: d0c50f866cd0458673f04524aac330ab -> 
  custom:scripting/monoscript/fileName/CodeInjection.cs: 53eca25ffbc932bdcc2f182b3a74b3ef -> 
  custom:scripting/monoscript/fileName/BloomEditor.cs: a48a482d8411f395a95a3ae16e7ee54d -> c341bb26b40744c3a5c2a142ac3e1051
  custom:scripting/monoscript/fileName/TCP2_Demo_PBS.cs: bf0261dde914e2ef482e8008955d4b0e -> 
  custom:audio-encoder-webm-vorbis: bf7c407c2cedff20999df2af8eb42d56 -> 
  custom:scripting/monoscript/fileName/Template.cs: 955ddae9cda1c5cb75f6ed421335be29 -> 
  custom:scripting/monoscript/fileName/Module.cs: 778e7a9ccb860ce5ee06b85a41592eb7 -> 9cffc223e3cf6968fcbc7ffa33b894e5
========================================================================
Received Prepare
Caller must complete domain reload
Begin MonoManager ReloadAssembly
- Loaded All Assemblies, in  0.401 seconds
Native extension for WindowsStandalone target not found
Native extension for Android target not found
Native extension for WebGL target not found
Mono: successfully reloaded assembly
- Finished resetting the current domain, in  0.822 seconds
Domain Reload Profiling: 1223ms
	BeginReloadAssembly (131ms)
		ExecutionOrderSort (0ms)
		DisableScriptedObjects (5ms)
		BackupInstance (0ms)
		ReleaseScriptingObjects (0ms)
		CreateAndSetChildDomain (35ms)
	RebuildCommonClasses (41ms)
	RebuildNativeTypeToScriptingClass (13ms)
	initialDomainReloadingComplete (30ms)
	LoadAllAssembliesAndSetupDomain (186ms)
		LoadAssemblies (228ms)
		RebuildTransferFunctionScriptingTraits (0ms)
		AnalyzeDomain (23ms)
			TypeCache.Refresh (10ms)
				TypeCache.ScanAssembly (1ms)
			ScanForSourceGeneratedMonoScriptInfo (7ms)
			ResolveRequiredComponents (5ms)
	FinalizeReload (823ms)
		ReleaseScriptCaches (0ms)
		RebuildScriptCaches (0ms)
		SetupLoadedEditorAssemblies (389ms)
			LogAssemblyErrors (0ms)
			InitializePlatformSupportModulesInManaged (18ms)
			SetLoadedEditorAssemblies (6ms)
			RefreshPlugins (0ms)
			BeforeProcessingInitializeOnLoad (50ms)
			ProcessInitializeOnLoadAttributes (293ms)
			ProcessInitializeOnLoadMethodAttributes (19ms)
			AfterProcessingInitializeOnLoad (3ms)
			EditorAssembliesLoaded (0ms)
		ExecutionOrderSort2 (0ms)
		AwakeInstancesAfterBackupRestoration (8ms)
Refreshing native plugins compatible for Editor in 1.65 ms, found 3 plugins.
Preloading 0 native plugins for Editor in 0.00 ms.
Unloading 3443 Unused Serialized files (Serialized files now loaded: 0)
Unloading 26 unused Assets / (195.5 KB). Loaded Objects now: 4032.
Memory consumption went from 131.5 MB to 131.3 MB.
Total: 2.430300 ms (FindLiveObjects: 0.233100 ms CreateObjectMapping: 0.076300 ms MarkObjects: 2.043100 ms  DeleteObjects: 0.077100 ms)

Prepare: number of updated asset objects reloaded= 0
AssetImportParameters requested are different than current active one (requested -> active):
  custom:scripting/monoscript/fileName/TCP2_GradientManager.cs: fcc0eade98cac5b7275979695df635bb -> 
  custom:scripting/monoscript/fileName/MaterialInspector_SG2.cs: 8e87db41a3a0c328381e02b96642d5ed -> 
  custom:container-demuxer-ogg: 62fdf1f143b41e24485cea50d1cbac27 -> 
  custom:scripting/monoscript/fileName/TCP2_ShaderGeneratorUtils.cs: 60f19fd12c7e608165239da51b7c9347 -> 
  custom:scripting/monoscript/fileName/MaterialInspector_Hybrid.cs: dd0479f081972fc1bd8117e9b8a3c19c -> 
  custom:scripting/monoscript/fileName/UIFeatures.cs: 4fdc490df447934db2a1c1930602ea90 -> 
  custom:video-codec-MediaFoundation-h265: 746d11721c4dcdbdad8f713fa42b33f4 -> 
  custom:video-decoder-ogg-theora: a1e56fd34408186e4bbccfd4996cb3dc -> 
  custom:scripting/monoscript/fileName/TCP2_GetPosOnWater_Editor.cs: f070524cbf80cc182ddafc23e9b0c865 -> 
  custom:framework-win-MediaFoundation: 216162199b28c13a410421893ffa2e32 -> 
  custom:scripting/monoscript/fileName/TCP2_Demo_GammaLinear.cs: b35f68aa1d552cb4d1a4ec6c926c0f0b -> 
  custom:scripting/monoscript/fileName/TCP2_GUI.cs: 1338930458367abb0020a550450a40ac -> 
  custom:scripting/monoscript/fileName/TCP2_Demo_Interactive.cs: c0fc773abdf677858f2b632324822fc1 -> 
  custom:scripting/monoscript/fileName/TCP2_Demo_Interactive_Content.cs: af5c3adfbee3ee106cc636b55f10baea -> 
  custom:scripting/monoscript/fileName/TCP2_RuntimeUtils.cs: 6234d1c0df7a9f06c3c188e83442ae85 -> 
  custom:scripting/monoscript/fileName/TCP2_Demo_InvertedMaskImage.cs: ffd3558dbe2bfe9f162715877425f894 -> 
  custom:scripting/monoscript/fileName/ReorderableLayoutList.cs: 9ba7bd4c991c73731c821315ffcd1d38 -> 
  custom:scripting/monoscript/fileName/TCP2_Demo.cs: f66526b53badb7ad665229520cd3259d -> 
  custom:CustomObjectIndexerAttribute: 9a22284fe3817be447336de3de66b15e -> 
  custom:scripting/monoscript/fileName/TCP2_Demo_PBS_View.cs: c54dfb82e8364e406c25d94e7503bb47 -> 
  custom:scripting/monoscript/fileName/Tooltip.cs: 6d98b883b77bd4eb3be7c69498228e5b -> efbd10c978725fde614599dc839eb715
  custom:scripting/monoscript/fileName/TCP2_Demo_Cat.cs: ddce114892a3e78f308d54f7c0d40e51 -> 
  custom:container-demuxer-webm: 4f35f7cbe854078d1ac9338744f61a02 -> 
  custom:scripting/monoscript/fileName/TCP2_Demo_AutoRotate.cs: 0567dee0421ae0886b132939e2b454c8 -> 
  custom:scripting/monoscript/fileName/TCP2_Utils.cs: d281bbd614b05954e715119ffb4e24b0 -> 
  custom:scripting/monoscript/fileName/TCP2_MaterialInspector_PBS_SG.cs: 854a75f3d615b0c507e87b45b4a3c6d0 -> 
  custom:scripting/monoscript/fileName/TCP2_Menu.cs: 88e64115b36f2d5f17b21666c38f240d -> 
  custom:scripting/monoscript/fileName/TCP2_Demo_Interactive_Environment.cs: 08147bc20b048c5b5aea073f2107a938 -> 
  custom:scripting/monoscript/fileName/Config.cs: fae96f2b91a511890105fb9b95d24d0b -> 
  custom:scripting/monoscript/fileName/TCP2_CameraDepth.cs: 78d341a8ab5c83f87f48439841cfe550 -> 
  custom:container-muxer-webm: aa71ff27fc2769a1b78a27578f13a17b -> 
  custom:video-decoder-webm-vp8: 9c59270c3fd7afecdb556c50c9e8de78 -> 
  custom:scripting/monoscript/fileName/TCP2_Demo_AnimateMaterial.cs: 36cd3afdb13edf651922a70330252de1 -> 
  custom:scripting/monoscript/fileName/TCP2_ShaderUpdateUnityTime_Editor.cs: c0adbd8b2cef361b0d030b13795a28f1 -> 
  custom:SearchIndexIgnoredProperties: e643bd26f0fe6173181afceb89e7c659 -> 
  custom:scripting/monoscript/fileName/TCP2_ShaderGenerator.UIFeatures.cs: 1d2933bc56d7311d0449931f9ae688f2 -> 
  custom:AudioImporter_EditorPlatform: d09bf68614088b80899f8185d706f6e7 -> 
  custom:scripting/monoscript/fileName/Serialization.cs: a597a656351bb23afb778cbe20ff24fa -> dd6acf6845fbd366eebfbdc457fca7bf
  custom:scripting/monoscript/fileName/TCP2_MaterialInspector_SurfacePBS_SG.cs: 88b6aab46ec263e3f285a8b01039276b -> 
  custom:scripting/monoscript/fileName/BloomGraphDrawer.cs: 9600e9f64d67dabab17944976945a2fa -> 
  custom:scripting/monoscript/fileName/TCP2_ShaderUpdateUnityTime.cs: 61bb3190525b24acadb5199bc561b249 -> 
  custom:scripting/monoscript/fileName/TCP2_PlanarReflection.cs: 09ded59f42b98316a095fe201bedfef7 -> 
  custom:scripting/monoscript/fileName/TCP2_RampGenerator.cs: eaec3e604e38ce2a529b64230727e120 -> 
  custom:scripting/monoscript/fileName/SGUILayout.cs: 9a748d27fc237893445b0be72a0a383e -> 
  custom:scripting/monoscript/fileName/ShaderGenerator2.cs: e5295c95a591168ca7cb39a3ade1c16c -> 
  custom:scripting/monoscript/fileName/TCP2_MaterialInspector_SG.cs: 831645fb097b4502f2682dac3160ce44 -> 
  custom:scripting/monoscript/fileName/ShaderProperty.CustomMaterialProperty.cs: bc66a2637169b9e3b0a7518af3f83ec8 -> 
  custom:scripting/monoscript/fileName/TCP2_Demo_Camera.cs: cb4db1febccc2c4e09ec7a6d23187ea7 -> 
  custom:scripting/monoscript/fileName/TCP2_Demo_View.cs: 7e6099098a9785fde276519acfef40f1 -> 
  custom:scripting/monoscript/fileName/TCP2_Config.cs: f4d22248fc55d9b99738808a615b972c -> 
  custom:video-encoder-webm-vp8: eb34c28f22e8b96e1ab97ce403110664 -> 
  custom:scripting/monoscript/fileName/TCP2_MaterialInspector.cs: 1f5ad91034ee25bbec41e2eeabf5a3bd -> 
  custom:scripting/monoscript/fileName/TCP2_GetPosOnWater.cs: 09fece8a0755d1b11f9fdf3eb77dcbc0 -> 
  custom:scripting/monoscript/fileName/Bloom.cs: e82d119aa2efdcbdd1539124121b585d -> 6f6d579a64201b97313a62a1e91b3575
  custom:audio-decoder-ogg-vorbis: bf7c407c2cedff20999df2af8eb42d56 -> 
  custom:scripting/monoscript/fileName/ShaderProperty.cs: 82bb21d4405e65966350eb3cb56ff024 -> 
  custom:scripting/monoscript/fileName/ShaderProperty.Implementations.cs: 832c102de82f04cdc65de110fef55bbe -> 
  custom:scripting/monoscript/fileName/GlobalOptions.cs: fe6494fa426a8040736381ebbdd122c8 -> 
  custom:scripting/monoscript/fileName/TCP2_OutlineInspector.cs: 65523a4924160d9a16e9359205373c7a -> 
  custom:scripting/monoscript/fileName/TCP2_ExpressionParser.cs: 2d12153f030e7001c6e8dd49a9c830ab -> 
  custom:scripting/monoscript/fileName/TCP2_MaterialInspector_PBS.cs: 6b7e84d2fcbb320e53bf430f9d42cf27 -> 
  custom:scripting/monoscript/fileName/TCP2_SmoothedNormalsUtility.cs: d0c50f866cd0458673f04524aac330ab -> 
  custom:scripting/monoscript/fileName/CodeInjection.cs: 53eca25ffbc932bdcc2f182b3a74b3ef -> 
  custom:scripting/monoscript/fileName/BloomEditor.cs: a48a482d8411f395a95a3ae16e7ee54d -> c341bb26b40744c3a5c2a142ac3e1051
  custom:scripting/monoscript/fileName/TCP2_Demo_PBS.cs: bf0261dde914e2ef482e8008955d4b0e -> 
  custom:audio-encoder-webm-vorbis: bf7c407c2cedff20999df2af8eb42d56 -> 
  custom:scripting/monoscript/fileName/Template.cs: 955ddae9cda1c5cb75f6ed421335be29 -> 
  custom:scripting/monoscript/fileName/Module.cs: 778e7a9ccb860ce5ee06b85a41592eb7 -> 9cffc223e3cf6968fcbc7ffa33b894e5
========================================================================
Received Prepare
Caller must complete domain reload
Begin MonoManager ReloadAssembly
- Loaded All Assemblies, in  0.305 seconds
Native extension for WindowsStandalone target not found
Native extension for Android target not found
Native extension for WebGL target not found
Mono: successfully reloaded assembly
- Finished resetting the current domain, in  0.652 seconds
Domain Reload Profiling: 957ms
	BeginReloadAssembly (118ms)
		ExecutionOrderSort (0ms)
		DisableScriptedObjects (3ms)
		BackupInstance (0ms)
		ReleaseScriptingObjects (0ms)
		CreateAndSetChildDomain (28ms)
	RebuildCommonClasses (25ms)
	RebuildNativeTypeToScriptingClass (7ms)
	initialDomainReloadingComplete (18ms)
	LoadAllAssembliesAndSetupDomain (137ms)
		LoadAssemblies (190ms)
		RebuildTransferFunctionScriptingTraits (0ms)
		AnalyzeDomain (11ms)
			TypeCache.Refresh (4ms)
				TypeCache.ScanAssembly (0ms)
			ScanForSourceGeneratedMonoScriptInfo (0ms)
			ResolveRequiredComponents (5ms)
	FinalizeReload (652ms)
		ReleaseScriptCaches (0ms)
		RebuildScriptCaches (0ms)
		SetupLoadedEditorAssemblies (320ms)
			LogAssemblyErrors (0ms)
			InitializePlatformSupportModulesInManaged (14ms)
			SetLoadedEditorAssemblies (4ms)
			RefreshPlugins (0ms)
			BeforeProcessingInitializeOnLoad (50ms)
			ProcessInitializeOnLoadAttributes (233ms)
			ProcessInitializeOnLoadMethodAttributes (17ms)
			AfterProcessingInitializeOnLoad (1ms)
			EditorAssembliesLoaded (0ms)
		ExecutionOrderSort2 (0ms)
		AwakeInstancesAfterBackupRestoration (6ms)
Refreshing native plugins compatible for Editor in 1.97 ms, found 3 plugins.
Preloading 0 native plugins for Editor in 0.00 ms.
Unloading 3443 Unused Serialized files (Serialized files now loaded: 0)
Unloading 26 unused Assets / (195.2 KB). Loaded Objects now: 4036.
Memory consumption went from 131.5 MB to 131.3 MB.
Total: 4.412300 ms (FindLiveObjects: 0.859000 ms CreateObjectMapping: 0.149000 ms MarkObjects: 3.260300 ms  DeleteObjects: 0.142800 ms)

Prepare: number of updated asset objects reloaded= 0
AssetImportParameters requested are different than current active one (requested -> active):
  custom:scripting/monoscript/fileName/TCP2_GradientManager.cs: fcc0eade98cac5b7275979695df635bb -> 
  custom:scripting/monoscript/fileName/MaterialInspector_SG2.cs: 8e87db41a3a0c328381e02b96642d5ed -> 
  custom:container-demuxer-ogg: 62fdf1f143b41e24485cea50d1cbac27 -> 
  custom:scripting/monoscript/fileName/TCP2_ShaderGeneratorUtils.cs: 60f19fd12c7e608165239da51b7c9347 -> 
  custom:scripting/monoscript/fileName/MaterialInspector_Hybrid.cs: dd0479f081972fc1bd8117e9b8a3c19c -> 
  custom:scripting/monoscript/fileName/UIFeatures.cs: 4fdc490df447934db2a1c1930602ea90 -> 
  custom:video-codec-MediaFoundation-h265: 746d11721c4dcdbdad8f713fa42b33f4 -> 
  custom:video-decoder-ogg-theora: a1e56fd34408186e4bbccfd4996cb3dc -> 
  custom:scripting/monoscript/fileName/TCP2_GetPosOnWater_Editor.cs: f070524cbf80cc182ddafc23e9b0c865 -> 
  custom:framework-win-MediaFoundation: 216162199b28c13a410421893ffa2e32 -> 
  custom:scripting/monoscript/fileName/TCP2_Demo_GammaLinear.cs: b35f68aa1d552cb4d1a4ec6c926c0f0b -> 
  custom:scripting/monoscript/fileName/TCP2_GUI.cs: 1338930458367abb0020a550450a40ac -> 
  custom:scripting/monoscript/fileName/TCP2_Demo_Interactive.cs: c0fc773abdf677858f2b632324822fc1 -> 
  custom:scripting/monoscript/fileName/TCP2_Demo_Interactive_Content.cs: af5c3adfbee3ee106cc636b55f10baea -> 
  custom:scripting/monoscript/fileName/TCP2_RuntimeUtils.cs: 6234d1c0df7a9f06c3c188e83442ae85 -> 
  custom:scripting/monoscript/fileName/TCP2_Demo_InvertedMaskImage.cs: ffd3558dbe2bfe9f162715877425f894 -> 
  custom:scripting/monoscript/fileName/ReorderableLayoutList.cs: 9ba7bd4c991c73731c821315ffcd1d38 -> 
  custom:scripting/monoscript/fileName/TCP2_Demo.cs: f66526b53badb7ad665229520cd3259d -> 
  custom:CustomObjectIndexerAttribute: 9a22284fe3817be447336de3de66b15e -> 
  custom:scripting/monoscript/fileName/TCP2_Demo_PBS_View.cs: c54dfb82e8364e406c25d94e7503bb47 -> 
  custom:scripting/monoscript/fileName/Tooltip.cs: 6d98b883b77bd4eb3be7c69498228e5b -> efbd10c978725fde614599dc839eb715
  custom:scripting/monoscript/fileName/TCP2_Demo_Cat.cs: ddce114892a3e78f308d54f7c0d40e51 -> 
  custom:container-demuxer-webm: 4f35f7cbe854078d1ac9338744f61a02 -> 
  custom:scripting/monoscript/fileName/TCP2_Demo_AutoRotate.cs: 0567dee0421ae0886b132939e2b454c8 -> 
  custom:scripting/monoscript/fileName/TCP2_Utils.cs: d281bbd614b05954e715119ffb4e24b0 -> 
  custom:scripting/monoscript/fileName/TCP2_MaterialInspector_PBS_SG.cs: 854a75f3d615b0c507e87b45b4a3c6d0 -> 
  custom:scripting/monoscript/fileName/TCP2_Menu.cs: 88e64115b36f2d5f17b21666c38f240d -> 
  custom:scripting/monoscript/fileName/TCP2_Demo_Interactive_Environment.cs: 08147bc20b048c5b5aea073f2107a938 -> 
  custom:scripting/monoscript/fileName/Config.cs: fae96f2b91a511890105fb9b95d24d0b -> 
  custom:scripting/monoscript/fileName/TCP2_CameraDepth.cs: 78d341a8ab5c83f87f48439841cfe550 -> 
  custom:container-muxer-webm: aa71ff27fc2769a1b78a27578f13a17b -> 
  custom:video-decoder-webm-vp8: 9c59270c3fd7afecdb556c50c9e8de78 -> 
  custom:scripting/monoscript/fileName/TCP2_Demo_AnimateMaterial.cs: 36cd3afdb13edf651922a70330252de1 -> 
  custom:scripting/monoscript/fileName/TCP2_ShaderUpdateUnityTime_Editor.cs: c0adbd8b2cef361b0d030b13795a28f1 -> 
  custom:SearchIndexIgnoredProperties: e643bd26f0fe6173181afceb89e7c659 -> 
  custom:scripting/monoscript/fileName/TCP2_ShaderGenerator.UIFeatures.cs: 1d2933bc56d7311d0449931f9ae688f2 -> 
  custom:AudioImporter_EditorPlatform: d09bf68614088b80899f8185d706f6e7 -> 
  custom:scripting/monoscript/fileName/Serialization.cs: a597a656351bb23afb778cbe20ff24fa -> dd6acf6845fbd366eebfbdc457fca7bf
  custom:scripting/monoscript/fileName/TCP2_MaterialInspector_SurfacePBS_SG.cs: 88b6aab46ec263e3f285a8b01039276b -> 
  custom:scripting/monoscript/fileName/BloomGraphDrawer.cs: 9600e9f64d67dabab17944976945a2fa -> 
  custom:scripting/monoscript/fileName/TCP2_ShaderUpdateUnityTime.cs: 61bb3190525b24acadb5199bc561b249 -> 
  custom:scripting/monoscript/fileName/TCP2_PlanarReflection.cs: 09ded59f42b98316a095fe201bedfef7 -> 
  custom:scripting/monoscript/fileName/TCP2_RampGenerator.cs: eaec3e604e38ce2a529b64230727e120 -> 
  custom:scripting/monoscript/fileName/SGUILayout.cs: 9a748d27fc237893445b0be72a0a383e -> 
  custom:scripting/monoscript/fileName/ShaderGenerator2.cs: e5295c95a591168ca7cb39a3ade1c16c -> 
  custom:scripting/monoscript/fileName/TCP2_MaterialInspector_SG.cs: 831645fb097b4502f2682dac3160ce44 -> 
  custom:scripting/monoscript/fileName/ShaderProperty.CustomMaterialProperty.cs: bc66a2637169b9e3b0a7518af3f83ec8 -> 
  custom:scripting/monoscript/fileName/TCP2_Demo_Camera.cs: cb4db1febccc2c4e09ec7a6d23187ea7 -> 
  custom:scripting/monoscript/fileName/TCP2_Demo_View.cs: 7e6099098a9785fde276519acfef40f1 -> 
  custom:scripting/monoscript/fileName/TCP2_Config.cs: f4d22248fc55d9b99738808a615b972c -> 
  custom:video-encoder-webm-vp8: eb34c28f22e8b96e1ab97ce403110664 -> 
  custom:scripting/monoscript/fileName/TCP2_MaterialInspector.cs: 1f5ad91034ee25bbec41e2eeabf5a3bd -> 
  custom:scripting/monoscript/fileName/TCP2_GetPosOnWater.cs: 09fece8a0755d1b11f9fdf3eb77dcbc0 -> 
  custom:scripting/monoscript/fileName/Bloom.cs: e82d119aa2efdcbdd1539124121b585d -> 6f6d579a64201b97313a62a1e91b3575
  custom:audio-decoder-ogg-vorbis: bf7c407c2cedff20999df2af8eb42d56 -> 
  custom:scripting/monoscript/fileName/ShaderProperty.cs: 82bb21d4405e65966350eb3cb56ff024 -> 
  custom:scripting/monoscript/fileName/ShaderProperty.Implementations.cs: 832c102de82f04cdc65de110fef55bbe -> 
  custom:scripting/monoscript/fileName/GlobalOptions.cs: fe6494fa426a8040736381ebbdd122c8 -> 
  custom:scripting/monoscript/fileName/TCP2_OutlineInspector.cs: 65523a4924160d9a16e9359205373c7a -> 
  custom:scripting/monoscript/fileName/TCP2_ExpressionParser.cs: 2d12153f030e7001c6e8dd49a9c830ab -> 
  custom:scripting/monoscript/fileName/TCP2_MaterialInspector_PBS.cs: 6b7e84d2fcbb320e53bf430f9d42cf27 -> 
  custom:scripting/monoscript/fileName/TCP2_SmoothedNormalsUtility.cs: d0c50f866cd0458673f04524aac330ab -> 
  custom:scripting/monoscript/fileName/CodeInjection.cs: 53eca25ffbc932bdcc2f182b3a74b3ef -> 
  custom:scripting/monoscript/fileName/BloomEditor.cs: a48a482d8411f395a95a3ae16e7ee54d -> c341bb26b40744c3a5c2a142ac3e1051
  custom:scripting/monoscript/fileName/TCP2_Demo_PBS.cs: bf0261dde914e2ef482e8008955d4b0e -> 
  custom:audio-encoder-webm-vorbis: bf7c407c2cedff20999df2af8eb42d56 -> 
  custom:scripting/monoscript/fileName/Template.cs: 955ddae9cda1c5cb75f6ed421335be29 -> 
  custom:scripting/monoscript/fileName/Module.cs: 778e7a9ccb860ce5ee06b85a41592eb7 -> 9cffc223e3cf6968fcbc7ffa33b894e5
========================================================================
Received Prepare
Caller must complete domain reload
Begin MonoManager ReloadAssembly
- Loaded All Assemblies, in  0.276 seconds
Native extension for WindowsStandalone target not found
Native extension for Android target not found
Native extension for WebGL target not found
Mono: successfully reloaded assembly
- Finished resetting the current domain, in  0.663 seconds
Domain Reload Profiling: 940ms
	BeginReloadAssembly (109ms)
		ExecutionOrderSort (0ms)
		DisableScriptedObjects (4ms)
		BackupInstance (0ms)
		ReleaseScriptingObjects (0ms)
		CreateAndSetChildDomain (29ms)
	RebuildCommonClasses (20ms)
	RebuildNativeTypeToScriptingClass (7ms)
	initialDomainReloadingComplete (16ms)
	LoadAllAssembliesAndSetupDomain (124ms)
		LoadAssemblies (164ms)
		RebuildTransferFunctionScriptingTraits (0ms)
		AnalyzeDomain (11ms)
			TypeCache.Refresh (4ms)
				TypeCache.ScanAssembly (0ms)
			ScanForSourceGeneratedMonoScriptInfo (0ms)
			ResolveRequiredComponents (4ms)
	FinalizeReload (663ms)
		ReleaseScriptCaches (0ms)
		RebuildScriptCaches (0ms)
		SetupLoadedEditorAssemblies (310ms)
			LogAssemblyErrors (0ms)
			InitializePlatformSupportModulesInManaged (12ms)
			SetLoadedEditorAssemblies (4ms)
			RefreshPlugins (0ms)
			BeforeProcessingInitializeOnLoad (47ms)
			ProcessInitializeOnLoadAttributes (228ms)
			ProcessInitializeOnLoadMethodAttributes (17ms)
			AfterProcessingInitializeOnLoad (1ms)
			EditorAssembliesLoaded (0ms)
		ExecutionOrderSort2 (0ms)
		AwakeInstancesAfterBackupRestoration (6ms)
Refreshing native plugins compatible for Editor in 1.98 ms, found 3 plugins.
Preloading 0 native plugins for Editor in 0.00 ms.
Unloading 3443 Unused Serialized files (Serialized files now loaded: 0)
Unloading 26 unused Assets / (195.2 KB). Loaded Objects now: 4040.
Memory consumption went from 131.5 MB to 131.3 MB.
Total: 5.179300 ms (FindLiveObjects: 0.591200 ms CreateObjectMapping: 0.097100 ms MarkObjects: 4.360800 ms  DeleteObjects: 0.128500 ms)

Prepare: number of updated asset objects reloaded= 0
AssetImportParameters requested are different than current active one (requested -> active):
  custom:scripting/monoscript/fileName/TCP2_GradientManager.cs: fcc0eade98cac5b7275979695df635bb -> 
  custom:scripting/monoscript/fileName/MaterialInspector_SG2.cs: 8e87db41a3a0c328381e02b96642d5ed -> 
  custom:container-demuxer-ogg: 62fdf1f143b41e24485cea50d1cbac27 -> 
  custom:scripting/monoscript/fileName/TCP2_ShaderGeneratorUtils.cs: 60f19fd12c7e608165239da51b7c9347 -> 
  custom:scripting/monoscript/fileName/MaterialInspector_Hybrid.cs: dd0479f081972fc1bd8117e9b8a3c19c -> 
  custom:scripting/monoscript/fileName/UIFeatures.cs: 4fdc490df447934db2a1c1930602ea90 -> 
  custom:video-codec-MediaFoundation-h265: 746d11721c4dcdbdad8f713fa42b33f4 -> 
  custom:video-decoder-ogg-theora: a1e56fd34408186e4bbccfd4996cb3dc -> 
  custom:scripting/monoscript/fileName/TCP2_GetPosOnWater_Editor.cs: f070524cbf80cc182ddafc23e9b0c865 -> 
  custom:framework-win-MediaFoundation: 216162199b28c13a410421893ffa2e32 -> 
  custom:scripting/monoscript/fileName/TCP2_Demo_GammaLinear.cs: b35f68aa1d552cb4d1a4ec6c926c0f0b -> 
  custom:scripting/monoscript/fileName/TCP2_GUI.cs: 1338930458367abb0020a550450a40ac -> 
  custom:scripting/monoscript/fileName/TCP2_Demo_Interactive.cs: c0fc773abdf677858f2b632324822fc1 -> 
  custom:scripting/monoscript/fileName/TCP2_Demo_Interactive_Content.cs: af5c3adfbee3ee106cc636b55f10baea -> 
  custom:scripting/monoscript/fileName/TCP2_RuntimeUtils.cs: 6234d1c0df7a9f06c3c188e83442ae85 -> 
  custom:scripting/monoscript/fileName/TCP2_Demo_InvertedMaskImage.cs: ffd3558dbe2bfe9f162715877425f894 -> 
  custom:scripting/monoscript/fileName/ReorderableLayoutList.cs: 9ba7bd4c991c73731c821315ffcd1d38 -> 
  custom:scripting/monoscript/fileName/TCP2_Demo.cs: f66526b53badb7ad665229520cd3259d -> 
  custom:CustomObjectIndexerAttribute: 9a22284fe3817be447336de3de66b15e -> 
  custom:scripting/monoscript/fileName/TCP2_Demo_PBS_View.cs: c54dfb82e8364e406c25d94e7503bb47 -> 
  custom:scripting/monoscript/fileName/Tooltip.cs: 6d98b883b77bd4eb3be7c69498228e5b -> efbd10c978725fde614599dc839eb715
  custom:scripting/monoscript/fileName/TCP2_Demo_Cat.cs: ddce114892a3e78f308d54f7c0d40e51 -> 
  custom:container-demuxer-webm: 4f35f7cbe854078d1ac9338744f61a02 -> 
  custom:scripting/monoscript/fileName/TCP2_Demo_AutoRotate.cs: 0567dee0421ae0886b132939e2b454c8 -> 
  custom:scripting/monoscript/fileName/TCP2_Utils.cs: d281bbd614b05954e715119ffb4e24b0 -> 
  custom:scripting/monoscript/fileName/TCP2_MaterialInspector_PBS_SG.cs: 854a75f3d615b0c507e87b45b4a3c6d0 -> 
  custom:scripting/monoscript/fileName/TCP2_Menu.cs: 88e64115b36f2d5f17b21666c38f240d -> 
  custom:scripting/monoscript/fileName/TCP2_Demo_Interactive_Environment.cs: 08147bc20b048c5b5aea073f2107a938 -> 
  custom:scripting/monoscript/fileName/Config.cs: fae96f2b91a511890105fb9b95d24d0b -> 
  custom:scripting/monoscript/fileName/TCP2_CameraDepth.cs: 78d341a8ab5c83f87f48439841cfe550 -> 
  custom:container-muxer-webm: aa71ff27fc2769a1b78a27578f13a17b -> 
  custom:video-decoder-webm-vp8: 9c59270c3fd7afecdb556c50c9e8de78 -> 
  custom:scripting/monoscript/fileName/TCP2_Demo_AnimateMaterial.cs: 36cd3afdb13edf651922a70330252de1 -> 
  custom:scripting/monoscript/fileName/TCP2_ShaderUpdateUnityTime_Editor.cs: c0adbd8b2cef361b0d030b13795a28f1 -> 
  custom:SearchIndexIgnoredProperties: e643bd26f0fe6173181afceb89e7c659 -> 
  custom:scripting/monoscript/fileName/TCP2_ShaderGenerator.UIFeatures.cs: 1d2933bc56d7311d0449931f9ae688f2 -> 
  custom:AudioImporter_EditorPlatform: d09bf68614088b80899f8185d706f6e7 -> 
  custom:scripting/monoscript/fileName/Serialization.cs: a597a656351bb23afb778cbe20ff24fa -> dd6acf6845fbd366eebfbdc457fca7bf
  custom:scripting/monoscript/fileName/TCP2_MaterialInspector_SurfacePBS_SG.cs: 88b6aab46ec263e3f285a8b01039276b -> 
  custom:scripting/monoscript/fileName/BloomGraphDrawer.cs: 9600e9f64d67dabab17944976945a2fa -> 
  custom:scripting/monoscript/fileName/TCP2_ShaderUpdateUnityTime.cs: 61bb3190525b24acadb5199bc561b249 -> 
  custom:scripting/monoscript/fileName/TCP2_PlanarReflection.cs: 09ded59f42b98316a095fe201bedfef7 -> 
  custom:scripting/monoscript/fileName/TCP2_RampGenerator.cs: eaec3e604e38ce2a529b64230727e120 -> 
  custom:scripting/monoscript/fileName/SGUILayout.cs: 9a748d27fc237893445b0be72a0a383e -> 
  custom:scripting/monoscript/fileName/ShaderGenerator2.cs: e5295c95a591168ca7cb39a3ade1c16c -> 
  custom:scripting/monoscript/fileName/TCP2_MaterialInspector_SG.cs: 831645fb097b4502f2682dac3160ce44 -> 
  custom:scripting/monoscript/fileName/ShaderProperty.CustomMaterialProperty.cs: bc66a2637169b9e3b0a7518af3f83ec8 -> 
  custom:scripting/monoscript/fileName/TCP2_Demo_Camera.cs: cb4db1febccc2c4e09ec7a6d23187ea7 -> 
  custom:scripting/monoscript/fileName/TCP2_Demo_View.cs: 7e6099098a9785fde276519acfef40f1 -> 
  custom:scripting/monoscript/fileName/TCP2_Config.cs: f4d22248fc55d9b99738808a615b972c -> 
  custom:video-encoder-webm-vp8: eb34c28f22e8b96e1ab97ce403110664 -> 
  custom:scripting/monoscript/fileName/TCP2_MaterialInspector.cs: 1f5ad91034ee25bbec41e2eeabf5a3bd -> 
  custom:scripting/monoscript/fileName/TCP2_GetPosOnWater.cs: 09fece8a0755d1b11f9fdf3eb77dcbc0 -> 
  custom:scripting/monoscript/fileName/Bloom.cs: e82d119aa2efdcbdd1539124121b585d -> 6f6d579a64201b97313a62a1e91b3575
  custom:audio-decoder-ogg-vorbis: bf7c407c2cedff20999df2af8eb42d56 -> 
  custom:scripting/monoscript/fileName/ShaderProperty.cs: 82bb21d4405e65966350eb3cb56ff024 -> 
  custom:scripting/monoscript/fileName/ShaderProperty.Implementations.cs: 832c102de82f04cdc65de110fef55bbe -> 
  custom:scripting/monoscript/fileName/GlobalOptions.cs: fe6494fa426a8040736381ebbdd122c8 -> 
  custom:scripting/monoscript/fileName/TCP2_OutlineInspector.cs: 65523a4924160d9a16e9359205373c7a -> 
  custom:scripting/monoscript/fileName/TCP2_ExpressionParser.cs: 2d12153f030e7001c6e8dd49a9c830ab -> 
  custom:scripting/monoscript/fileName/TCP2_MaterialInspector_PBS.cs: 6b7e84d2fcbb320e53bf430f9d42cf27 -> 
  custom:scripting/monoscript/fileName/TCP2_SmoothedNormalsUtility.cs: d0c50f866cd0458673f04524aac330ab -> 
  custom:scripting/monoscript/fileName/CodeInjection.cs: 53eca25ffbc932bdcc2f182b3a74b3ef -> 
  custom:scripting/monoscript/fileName/BloomEditor.cs: a48a482d8411f395a95a3ae16e7ee54d -> c341bb26b40744c3a5c2a142ac3e1051
  custom:scripting/monoscript/fileName/TCP2_Demo_PBS.cs: bf0261dde914e2ef482e8008955d4b0e -> 
  custom:audio-encoder-webm-vorbis: bf7c407c2cedff20999df2af8eb42d56 -> 
  custom:scripting/monoscript/fileName/Template.cs: 955ddae9cda1c5cb75f6ed421335be29 -> 
  custom:scripting/monoscript/fileName/Module.cs: 778e7a9ccb860ce5ee06b85a41592eb7 -> 9cffc223e3cf6968fcbc7ffa33b894e5
========================================================================
Received Prepare
Caller must complete domain reload
Begin MonoManager ReloadAssembly
- Loaded All Assemblies, in  0.308 seconds
Native extension for WindowsStandalone target not found
Native extension for Android target not found
Native extension for WebGL target not found
Mono: successfully reloaded assembly
- Finished resetting the current domain, in  0.678 seconds
Domain Reload Profiling: 986ms
	BeginReloadAssembly (108ms)
		ExecutionOrderSort (0ms)
		DisableScriptedObjects (3ms)
		BackupInstance (0ms)
		ReleaseScriptingObjects (0ms)
		CreateAndSetChildDomain (28ms)
	RebuildCommonClasses (22ms)
	RebuildNativeTypeToScriptingClass (7ms)
	initialDomainReloadingComplete (19ms)
	LoadAllAssembliesAndSetupDomain (152ms)
		LoadAssemblies (188ms)
		RebuildTransferFunctionScriptingTraits (0ms)
		AnalyzeDomain (17ms)
			TypeCache.Refresh (7ms)
				TypeCache.ScanAssembly (1ms)
			ScanForSourceGeneratedMonoScriptInfo (4ms)
			ResolveRequiredComponents (4ms)
	FinalizeReload (678ms)
		ReleaseScriptCaches (0ms)
		RebuildScriptCaches (0ms)
		SetupLoadedEditorAssemblies (294ms)
			LogAssemblyErrors (0ms)
			InitializePlatformSupportModulesInManaged (11ms)
			SetLoadedEditorAssemblies (4ms)
			RefreshPlugins (0ms)
			BeforeProcessingInitializeOnLoad (46ms)
			ProcessInitializeOnLoadAttributes (217ms)
			ProcessInitializeOnLoadMethodAttributes (15ms)
			AfterProcessingInitializeOnLoad (2ms)
			EditorAssembliesLoaded (0ms)
		ExecutionOrderSort2 (0ms)
		AwakeInstancesAfterBackupRestoration (5ms)
Refreshing native plugins compatible for Editor in 1.78 ms, found 3 plugins.
Preloading 0 native plugins for Editor in 0.00 ms.
Unloading 3443 Unused Serialized files (Serialized files now loaded: 0)
Unloading 26 unused Assets / (195.1 KB). Loaded Objects now: 4044.
Memory consumption went from 131.5 MB to 131.3 MB.
Total: 3.254600 ms (FindLiveObjects: 0.299700 ms CreateObjectMapping: 0.131100 ms MarkObjects: 2.719800 ms  DeleteObjects: 0.103000 ms)

Prepare: number of updated asset objects reloaded= 0
AssetImportParameters requested are different than current active one (requested -> active):
  custom:scripting/monoscript/fileName/TCP2_GradientManager.cs: fcc0eade98cac5b7275979695df635bb -> 
  custom:scripting/monoscript/fileName/MaterialInspector_SG2.cs: 8e87db41a3a0c328381e02b96642d5ed -> 
  custom:container-demuxer-ogg: 62fdf1f143b41e24485cea50d1cbac27 -> 
  custom:scripting/monoscript/fileName/TCP2_ShaderGeneratorUtils.cs: 60f19fd12c7e608165239da51b7c9347 -> 
  custom:scripting/monoscript/fileName/MaterialInspector_Hybrid.cs: dd0479f081972fc1bd8117e9b8a3c19c -> 
  custom:scripting/monoscript/fileName/UIFeatures.cs: 4fdc490df447934db2a1c1930602ea90 -> 
  custom:video-codec-MediaFoundation-h265: 746d11721c4dcdbdad8f713fa42b33f4 -> 
  custom:video-decoder-ogg-theora: a1e56fd34408186e4bbccfd4996cb3dc -> 
  custom:scripting/monoscript/fileName/TCP2_GetPosOnWater_Editor.cs: f070524cbf80cc182ddafc23e9b0c865 -> 
  custom:framework-win-MediaFoundation: 216162199b28c13a410421893ffa2e32 -> 
  custom:scripting/monoscript/fileName/TCP2_Demo_GammaLinear.cs: b35f68aa1d552cb4d1a4ec6c926c0f0b -> 
  custom:scripting/monoscript/fileName/TCP2_GUI.cs: 1338930458367abb0020a550450a40ac -> 
  custom:scripting/monoscript/fileName/TCP2_Demo_Interactive.cs: c0fc773abdf677858f2b632324822fc1 -> 
  custom:scripting/monoscript/fileName/TCP2_Demo_Interactive_Content.cs: af5c3adfbee3ee106cc636b55f10baea -> 
  custom:scripting/monoscript/fileName/TCP2_RuntimeUtils.cs: 6234d1c0df7a9f06c3c188e83442ae85 -> 
  custom:scripting/monoscript/fileName/TCP2_Demo_InvertedMaskImage.cs: ffd3558dbe2bfe9f162715877425f894 -> 
  custom:scripting/monoscript/fileName/ReorderableLayoutList.cs: 9ba7bd4c991c73731c821315ffcd1d38 -> 
  custom:scripting/monoscript/fileName/TCP2_Demo.cs: f66526b53badb7ad665229520cd3259d -> 
  custom:CustomObjectIndexerAttribute: 9a22284fe3817be447336de3de66b15e -> 
  custom:scripting/monoscript/fileName/TCP2_Demo_PBS_View.cs: c54dfb82e8364e406c25d94e7503bb47 -> 
  custom:scripting/monoscript/fileName/Tooltip.cs: 6d98b883b77bd4eb3be7c69498228e5b -> efbd10c978725fde614599dc839eb715
  custom:scripting/monoscript/fileName/TCP2_Demo_Cat.cs: ddce114892a3e78f308d54f7c0d40e51 -> 
  custom:container-demuxer-webm: 4f35f7cbe854078d1ac9338744f61a02 -> 
  custom:scripting/monoscript/fileName/TCP2_Demo_AutoRotate.cs: 0567dee0421ae0886b132939e2b454c8 -> 
  custom:scripting/monoscript/fileName/TCP2_Utils.cs: d281bbd614b05954e715119ffb4e24b0 -> 
  custom:scripting/monoscript/fileName/TCP2_MaterialInspector_PBS_SG.cs: 854a75f3d615b0c507e87b45b4a3c6d0 -> 
  custom:scripting/monoscript/fileName/TCP2_Menu.cs: 88e64115b36f2d5f17b21666c38f240d -> 
  custom:scripting/monoscript/fileName/TCP2_Demo_Interactive_Environment.cs: 08147bc20b048c5b5aea073f2107a938 -> 
  custom:scripting/monoscript/fileName/Config.cs: fae96f2b91a511890105fb9b95d24d0b -> 
  custom:scripting/monoscript/fileName/TCP2_CameraDepth.cs: 78d341a8ab5c83f87f48439841cfe550 -> 
  custom:container-muxer-webm: aa71ff27fc2769a1b78a27578f13a17b -> 
  custom:video-decoder-webm-vp8: 9c59270c3fd7afecdb556c50c9e8de78 -> 
  custom:scripting/monoscript/fileName/TCP2_Demo_AnimateMaterial.cs: 36cd3afdb13edf651922a70330252de1 -> 
  custom:scripting/monoscript/fileName/TCP2_ShaderUpdateUnityTime_Editor.cs: c0adbd8b2cef361b0d030b13795a28f1 -> 
  custom:SearchIndexIgnoredProperties: e643bd26f0fe6173181afceb89e7c659 -> 
  custom:scripting/monoscript/fileName/TCP2_ShaderGenerator.UIFeatures.cs: 1d2933bc56d7311d0449931f9ae688f2 -> 
  custom:AudioImporter_EditorPlatform: d09bf68614088b80899f8185d706f6e7 -> 
  custom:scripting/monoscript/fileName/Serialization.cs: a597a656351bb23afb778cbe20ff24fa -> dd6acf6845fbd366eebfbdc457fca7bf
  custom:scripting/monoscript/fileName/TCP2_MaterialInspector_SurfacePBS_SG.cs: 88b6aab46ec263e3f285a8b01039276b -> 
  custom:scripting/monoscript/fileName/BloomGraphDrawer.cs: 9600e9f64d67dabab17944976945a2fa -> 
  custom:scripting/monoscript/fileName/TCP2_ShaderUpdateUnityTime.cs: 61bb3190525b24acadb5199bc561b249 -> 
  custom:scripting/monoscript/fileName/TCP2_PlanarReflection.cs: 09ded59f42b98316a095fe201bedfef7 -> 
  custom:scripting/monoscript/fileName/TCP2_RampGenerator.cs: eaec3e604e38ce2a529b64230727e120 -> 
  custom:scripting/monoscript/fileName/SGUILayout.cs: 9a748d27fc237893445b0be72a0a383e -> 
  custom:scripting/monoscript/fileName/ShaderGenerator2.cs: e5295c95a591168ca7cb39a3ade1c16c -> 
  custom:scripting/monoscript/fileName/TCP2_MaterialInspector_SG.cs: 831645fb097b4502f2682dac3160ce44 -> 
  custom:scripting/monoscript/fileName/ShaderProperty.CustomMaterialProperty.cs: bc66a2637169b9e3b0a7518af3f83ec8 -> 
  custom:scripting/monoscript/fileName/TCP2_Demo_Camera.cs: cb4db1febccc2c4e09ec7a6d23187ea7 -> 
  custom:scripting/monoscript/fileName/TCP2_Demo_View.cs: 7e6099098a9785fde276519acfef40f1 -> 
  custom:scripting/monoscript/fileName/TCP2_Config.cs: f4d22248fc55d9b99738808a615b972c -> 
  custom:video-encoder-webm-vp8: eb34c28f22e8b96e1ab97ce403110664 -> 
  custom:scripting/monoscript/fileName/TCP2_MaterialInspector.cs: 1f5ad91034ee25bbec41e2eeabf5a3bd -> 
  custom:scripting/monoscript/fileName/TCP2_GetPosOnWater.cs: 09fece8a0755d1b11f9fdf3eb77dcbc0 -> 
  custom:scripting/monoscript/fileName/Bloom.cs: e82d119aa2efdcbdd1539124121b585d -> 6f6d579a64201b97313a62a1e91b3575
  custom:audio-decoder-ogg-vorbis: bf7c407c2cedff20999df2af8eb42d56 -> 
  custom:scripting/monoscript/fileName/ShaderProperty.cs: 82bb21d4405e65966350eb3cb56ff024 -> 
  custom:scripting/monoscript/fileName/ShaderProperty.Implementations.cs: 832c102de82f04cdc65de110fef55bbe -> 
  custom:scripting/monoscript/fileName/GlobalOptions.cs: fe6494fa426a8040736381ebbdd122c8 -> 
  custom:scripting/monoscript/fileName/TCP2_OutlineInspector.cs: 65523a4924160d9a16e9359205373c7a -> 
  custom:scripting/monoscript/fileName/TCP2_ExpressionParser.cs: 2d12153f030e7001c6e8dd49a9c830ab -> 
  custom:scripting/monoscript/fileName/TCP2_MaterialInspector_PBS.cs: 6b7e84d2fcbb320e53bf430f9d42cf27 -> 
  custom:scripting/monoscript/fileName/TCP2_SmoothedNormalsUtility.cs: d0c50f866cd0458673f04524aac330ab -> 
  custom:scripting/monoscript/fileName/CodeInjection.cs: 53eca25ffbc932bdcc2f182b3a74b3ef -> 
  custom:scripting/monoscript/fileName/BloomEditor.cs: a48a482d8411f395a95a3ae16e7ee54d -> c341bb26b40744c3a5c2a142ac3e1051
  custom:scripting/monoscript/fileName/TCP2_Demo_PBS.cs: bf0261dde914e2ef482e8008955d4b0e -> 
  custom:audio-encoder-webm-vorbis: bf7c407c2cedff20999df2af8eb42d56 -> 
  custom:scripting/monoscript/fileName/Template.cs: 955ddae9cda1c5cb75f6ed421335be29 -> 
  custom:scripting/monoscript/fileName/Module.cs: 778e7a9ccb860ce5ee06b85a41592eb7 -> 9cffc223e3cf6968fcbc7ffa33b894e5
========================================================================
Received Prepare
Caller must complete domain reload
Begin MonoManager ReloadAssembly
- Loaded All Assemblies, in  0.299 seconds
Native extension for WindowsStandalone target not found
Native extension for Android target not found
Native extension for WebGL target not found
Mono: successfully reloaded assembly
- Finished resetting the current domain, in  0.637 seconds
Domain Reload Profiling: 936ms
	BeginReloadAssembly (116ms)
		ExecutionOrderSort (0ms)
		DisableScriptedObjects (4ms)
		BackupInstance (0ms)
		ReleaseScriptingObjects (0ms)
		CreateAndSetChildDomain (30ms)
	RebuildCommonClasses (27ms)
	RebuildNativeTypeToScriptingClass (7ms)
	initialDomainReloadingComplete (18ms)
	LoadAllAssembliesAndSetupDomain (130ms)
		LoadAssemblies (179ms)
		RebuildTransferFunctionScriptingTraits (0ms)
		AnalyzeDomain (9ms)
			TypeCache.Refresh (3ms)
				TypeCache.ScanAssembly (0ms)
			ScanForSourceGeneratedMonoScriptInfo (0ms)
			ResolveRequiredComponents (3ms)
	FinalizeReload (638ms)
		ReleaseScriptCaches (0ms)
		RebuildScriptCaches (0ms)
		SetupLoadedEditorAssemblies (291ms)
			LogAssemblyErrors (0ms)
			InitializePlatformSupportModulesInManaged (11ms)
			SetLoadedEditorAssemblies (4ms)
			RefreshPlugins (0ms)
			BeforeProcessingInitializeOnLoad (47ms)
			ProcessInitializeOnLoadAttributes (210ms)
			ProcessInitializeOnLoadMethodAttributes (17ms)
			AfterProcessingInitializeOnLoad (2ms)
			EditorAssembliesLoaded (0ms)
		ExecutionOrderSort2 (0ms)
		AwakeInstancesAfterBackupRestoration (6ms)
Refreshing native plugins compatible for Editor in 2.33 ms, found 3 plugins.
Preloading 0 native plugins for Editor in 0.00 ms.
Unloading 3443 Unused Serialized files (Serialized files now loaded: 0)
Unloading 26 unused Assets / (195.2 KB). Loaded Objects now: 4048.
Memory consumption went from 131.5 MB to 131.3 MB.
Total: 4.736000 ms (FindLiveObjects: 0.786100 ms CreateObjectMapping: 0.080700 ms MarkObjects: 3.675700 ms  DeleteObjects: 0.191600 ms)

Prepare: number of updated asset objects reloaded= 0
AssetImportParameters requested are different than current active one (requested -> active):
  custom:scripting/monoscript/fileName/TCP2_GradientManager.cs: fcc0eade98cac5b7275979695df635bb -> 
  custom:scripting/monoscript/fileName/MaterialInspector_SG2.cs: 8e87db41a3a0c328381e02b96642d5ed -> 
  custom:container-demuxer-ogg: 62fdf1f143b41e24485cea50d1cbac27 -> 
  custom:scripting/monoscript/fileName/TCP2_ShaderGeneratorUtils.cs: 60f19fd12c7e608165239da51b7c9347 -> 
  custom:scripting/monoscript/fileName/MaterialInspector_Hybrid.cs: dd0479f081972fc1bd8117e9b8a3c19c -> 
  custom:scripting/monoscript/fileName/UIFeatures.cs: 4fdc490df447934db2a1c1930602ea90 -> 
  custom:video-codec-MediaFoundation-h265: 746d11721c4dcdbdad8f713fa42b33f4 -> 
  custom:video-decoder-ogg-theora: a1e56fd34408186e4bbccfd4996cb3dc -> 
  custom:scripting/monoscript/fileName/TCP2_GetPosOnWater_Editor.cs: f070524cbf80cc182ddafc23e9b0c865 -> 
  custom:framework-win-MediaFoundation: 216162199b28c13a410421893ffa2e32 -> 
  custom:scripting/monoscript/fileName/TCP2_Demo_GammaLinear.cs: b35f68aa1d552cb4d1a4ec6c926c0f0b -> 
  custom:scripting/monoscript/fileName/TCP2_GUI.cs: 1338930458367abb0020a550450a40ac -> 
  custom:scripting/monoscript/fileName/TCP2_Demo_Interactive.cs: c0fc773abdf677858f2b632324822fc1 -> 
  custom:scripting/monoscript/fileName/TCP2_Demo_Interactive_Content.cs: af5c3adfbee3ee106cc636b55f10baea -> 
  custom:scripting/monoscript/fileName/TCP2_RuntimeUtils.cs: 6234d1c0df7a9f06c3c188e83442ae85 -> 
  custom:scripting/monoscript/fileName/TCP2_Demo_InvertedMaskImage.cs: ffd3558dbe2bfe9f162715877425f894 -> 
  custom:scripting/monoscript/fileName/ReorderableLayoutList.cs: 9ba7bd4c991c73731c821315ffcd1d38 -> 
  custom:scripting/monoscript/fileName/TCP2_Demo.cs: f66526b53badb7ad665229520cd3259d -> 
  custom:CustomObjectIndexerAttribute: 9a22284fe3817be447336de3de66b15e -> 
  custom:scripting/monoscript/fileName/TCP2_Demo_PBS_View.cs: c54dfb82e8364e406c25d94e7503bb47 -> 
  custom:scripting/monoscript/fileName/Tooltip.cs: 6d98b883b77bd4eb3be7c69498228e5b -> efbd10c978725fde614599dc839eb715
  custom:scripting/monoscript/fileName/TCP2_Demo_Cat.cs: ddce114892a3e78f308d54f7c0d40e51 -> 
  custom:container-demuxer-webm: 4f35f7cbe854078d1ac9338744f61a02 -> 
  custom:scripting/monoscript/fileName/TCP2_Demo_AutoRotate.cs: 0567dee0421ae0886b132939e2b454c8 -> 
  custom:scripting/monoscript/fileName/TCP2_Utils.cs: d281bbd614b05954e715119ffb4e24b0 -> 
  custom:scripting/monoscript/fileName/TCP2_MaterialInspector_PBS_SG.cs: 854a75f3d615b0c507e87b45b4a3c6d0 -> 
  custom:scripting/monoscript/fileName/TCP2_Menu.cs: 88e64115b36f2d5f17b21666c38f240d -> 
  custom:scripting/monoscript/fileName/TCP2_Demo_Interactive_Environment.cs: 08147bc20b048c5b5aea073f2107a938 -> 
  custom:scripting/monoscript/fileName/Config.cs: fae96f2b91a511890105fb9b95d24d0b -> 
  custom:scripting/monoscript/fileName/TCP2_CameraDepth.cs: 78d341a8ab5c83f87f48439841cfe550 -> 
  custom:container-muxer-webm: aa71ff27fc2769a1b78a27578f13a17b -> 
  custom:video-decoder-webm-vp8: 9c59270c3fd7afecdb556c50c9e8de78 -> 
  custom:scripting/monoscript/fileName/TCP2_Demo_AnimateMaterial.cs: 36cd3afdb13edf651922a70330252de1 -> 
  custom:scripting/monoscript/fileName/TCP2_ShaderUpdateUnityTime_Editor.cs: c0adbd8b2cef361b0d030b13795a28f1 -> 
  custom:SearchIndexIgnoredProperties: e643bd26f0fe6173181afceb89e7c659 -> 
  custom:scripting/monoscript/fileName/TCP2_ShaderGenerator.UIFeatures.cs: 1d2933bc56d7311d0449931f9ae688f2 -> 
  custom:AudioImporter_EditorPlatform: d09bf68614088b80899f8185d706f6e7 -> 
  custom:scripting/monoscript/fileName/Serialization.cs: a597a656351bb23afb778cbe20ff24fa -> dd6acf6845fbd366eebfbdc457fca7bf
  custom:scripting/monoscript/fileName/TCP2_MaterialInspector_SurfacePBS_SG.cs: 88b6aab46ec263e3f285a8b01039276b -> 
  custom:scripting/monoscript/fileName/BloomGraphDrawer.cs: 9600e9f64d67dabab17944976945a2fa -> 
  custom:scripting/monoscript/fileName/TCP2_ShaderUpdateUnityTime.cs: 61bb3190525b24acadb5199bc561b249 -> 
  custom:scripting/monoscript/fileName/TCP2_PlanarReflection.cs: 09ded59f42b98316a095fe201bedfef7 -> 
  custom:scripting/monoscript/fileName/TCP2_RampGenerator.cs: eaec3e604e38ce2a529b64230727e120 -> 
  custom:scripting/monoscript/fileName/SGUILayout.cs: 9a748d27fc237893445b0be72a0a383e -> 
  custom:scripting/monoscript/fileName/ShaderGenerator2.cs: e5295c95a591168ca7cb39a3ade1c16c -> 
  custom:scripting/monoscript/fileName/TCP2_MaterialInspector_SG.cs: 831645fb097b4502f2682dac3160ce44 -> 
  custom:scripting/monoscript/fileName/ShaderProperty.CustomMaterialProperty.cs: bc66a2637169b9e3b0a7518af3f83ec8 -> 
  custom:scripting/monoscript/fileName/TCP2_Demo_Camera.cs: cb4db1febccc2c4e09ec7a6d23187ea7 -> 
  custom:scripting/monoscript/fileName/TCP2_Demo_View.cs: 7e6099098a9785fde276519acfef40f1 -> 
  custom:scripting/monoscript/fileName/TCP2_Config.cs: f4d22248fc55d9b99738808a615b972c -> 
  custom:video-encoder-webm-vp8: eb34c28f22e8b96e1ab97ce403110664 -> 
  custom:scripting/monoscript/fileName/TCP2_MaterialInspector.cs: 1f5ad91034ee25bbec41e2eeabf5a3bd -> 
  custom:scripting/monoscript/fileName/TCP2_GetPosOnWater.cs: 09fece8a0755d1b11f9fdf3eb77dcbc0 -> 
  custom:scripting/monoscript/fileName/Bloom.cs: e82d119aa2efdcbdd1539124121b585d -> 6f6d579a64201b97313a62a1e91b3575
  custom:audio-decoder-ogg-vorbis: bf7c407c2cedff20999df2af8eb42d56 -> 
  custom:scripting/monoscript/fileName/ShaderProperty.cs: 82bb21d4405e65966350eb3cb56ff024 -> 
  custom:scripting/monoscript/fileName/ShaderProperty.Implementations.cs: 832c102de82f04cdc65de110fef55bbe -> 
  custom:scripting/monoscript/fileName/GlobalOptions.cs: fe6494fa426a8040736381ebbdd122c8 -> 
  custom:scripting/monoscript/fileName/TCP2_OutlineInspector.cs: 65523a4924160d9a16e9359205373c7a -> 
  custom:scripting/monoscript/fileName/TCP2_ExpressionParser.cs: 2d12153f030e7001c6e8dd49a9c830ab -> 
  custom:scripting/monoscript/fileName/TCP2_MaterialInspector_PBS.cs: 6b7e84d2fcbb320e53bf430f9d42cf27 -> 
  custom:scripting/monoscript/fileName/TCP2_SmoothedNormalsUtility.cs: d0c50f866cd0458673f04524aac330ab -> 
  custom:scripting/monoscript/fileName/CodeInjection.cs: 53eca25ffbc932bdcc2f182b3a74b3ef -> 
  custom:scripting/monoscript/fileName/BloomEditor.cs: a48a482d8411f395a95a3ae16e7ee54d -> c341bb26b40744c3a5c2a142ac3e1051
  custom:scripting/monoscript/fileName/TCP2_Demo_PBS.cs: bf0261dde914e2ef482e8008955d4b0e -> 
  custom:audio-encoder-webm-vorbis: bf7c407c2cedff20999df2af8eb42d56 -> 
  custom:scripting/monoscript/fileName/Template.cs: 955ddae9cda1c5cb75f6ed421335be29 -> 
  custom:scripting/monoscript/fileName/Module.cs: 778e7a9ccb860ce5ee06b85a41592eb7 -> 9cffc223e3cf6968fcbc7ffa33b894e5
========================================================================
Received Prepare
Caller must complete domain reload
Begin MonoManager ReloadAssembly
- Loaded All Assemblies, in  0.417 seconds
Native extension for WindowsStandalone target not found
Native extension for Android target not found
Native extension for WebGL target not found
Mono: successfully reloaded assembly
- Finished resetting the current domain, in  0.835 seconds
Domain Reload Profiling: 1253ms
	BeginReloadAssembly (134ms)
		ExecutionOrderSort (0ms)
		DisableScriptedObjects (4ms)
		BackupInstance (0ms)
		ReleaseScriptingObjects (0ms)
		CreateAndSetChildDomain (31ms)
	RebuildCommonClasses (41ms)
	RebuildNativeTypeToScriptingClass (14ms)
	initialDomainReloadingComplete (19ms)
	LoadAllAssembliesAndSetupDomain (209ms)
		LoadAssemblies (254ms)
		RebuildTransferFunctionScriptingTraits (0ms)
		AnalyzeDomain (26ms)
			TypeCache.Refresh (9ms)
				TypeCache.ScanAssembly (1ms)
			ScanForSourceGeneratedMonoScriptInfo (8ms)
			ResolveRequiredComponents (7ms)
	FinalizeReload (836ms)
		ReleaseScriptCaches (0ms)
		RebuildScriptCaches (0ms)
		SetupLoadedEditorAssemblies (407ms)
			LogAssemblyErrors (0ms)
			InitializePlatformSupportModulesInManaged (17ms)
			SetLoadedEditorAssemblies (4ms)
			RefreshPlugins (0ms)
			BeforeProcessingInitializeOnLoad (57ms)
			ProcessInitializeOnLoadAttributes (306ms)
			ProcessInitializeOnLoadMethodAttributes (22ms)
			AfterProcessingInitializeOnLoad (2ms)
			EditorAssembliesLoaded (0ms)
		ExecutionOrderSort2 (0ms)
		AwakeInstancesAfterBackupRestoration (6ms)
Refreshing native plugins compatible for Editor in 2.28 ms, found 3 plugins.
Preloading 0 native plugins for Editor in 0.00 ms.
Unloading 3443 Unused Serialized files (Serialized files now loaded: 0)
Unloading 26 unused Assets / (195.4 KB). Loaded Objects now: 4052.
Memory consumption went from 131.5 MB to 131.3 MB.
Total: 3.452100 ms (FindLiveObjects: 0.526700 ms CreateObjectMapping: 0.120500 ms MarkObjects: 2.675400 ms  DeleteObjects: 0.127500 ms)

Prepare: number of updated asset objects reloaded= 0
AssetImportParameters requested are different than current active one (requested -> active):
  custom:scripting/monoscript/fileName/TCP2_GradientManager.cs: fcc0eade98cac5b7275979695df635bb -> 
  custom:scripting/monoscript/fileName/MaterialInspector_SG2.cs: 8e87db41a3a0c328381e02b96642d5ed -> 
  custom:container-demuxer-ogg: 62fdf1f143b41e24485cea50d1cbac27 -> 
  custom:scripting/monoscript/fileName/TCP2_ShaderGeneratorUtils.cs: 60f19fd12c7e608165239da51b7c9347 -> 
  custom:scripting/monoscript/fileName/MaterialInspector_Hybrid.cs: dd0479f081972fc1bd8117e9b8a3c19c -> 
  custom:scripting/monoscript/fileName/UIFeatures.cs: 4fdc490df447934db2a1c1930602ea90 -> 
  custom:video-codec-MediaFoundation-h265: 746d11721c4dcdbdad8f713fa42b33f4 -> 
  custom:video-decoder-ogg-theora: a1e56fd34408186e4bbccfd4996cb3dc -> 
  custom:scripting/monoscript/fileName/TCP2_GetPosOnWater_Editor.cs: f070524cbf80cc182ddafc23e9b0c865 -> 
  custom:framework-win-MediaFoundation: 216162199b28c13a410421893ffa2e32 -> 
  custom:scripting/monoscript/fileName/TCP2_Demo_GammaLinear.cs: b35f68aa1d552cb4d1a4ec6c926c0f0b -> 
  custom:scripting/monoscript/fileName/TCP2_GUI.cs: 1338930458367abb0020a550450a40ac -> 
  custom:scripting/monoscript/fileName/TCP2_Demo_Interactive.cs: c0fc773abdf677858f2b632324822fc1 -> 
  custom:scripting/monoscript/fileName/TCP2_Demo_Interactive_Content.cs: af5c3adfbee3ee106cc636b55f10baea -> 
  custom:scripting/monoscript/fileName/TCP2_RuntimeUtils.cs: 6234d1c0df7a9f06c3c188e83442ae85 -> 
  custom:scripting/monoscript/fileName/TCP2_Demo_InvertedMaskImage.cs: ffd3558dbe2bfe9f162715877425f894 -> 
  custom:scripting/monoscript/fileName/ReorderableLayoutList.cs: 9ba7bd4c991c73731c821315ffcd1d38 -> 
  custom:scripting/monoscript/fileName/TCP2_Demo.cs: f66526b53badb7ad665229520cd3259d -> 
  custom:CustomObjectIndexerAttribute: 9a22284fe3817be447336de3de66b15e -> 
  custom:scripting/monoscript/fileName/TCP2_Demo_PBS_View.cs: c54dfb82e8364e406c25d94e7503bb47 -> 
  custom:scripting/monoscript/fileName/Tooltip.cs: 6d98b883b77bd4eb3be7c69498228e5b -> efbd10c978725fde614599dc839eb715
  custom:scripting/monoscript/fileName/TCP2_Demo_Cat.cs: ddce114892a3e78f308d54f7c0d40e51 -> 
  custom:container-demuxer-webm: 4f35f7cbe854078d1ac9338744f61a02 -> 
  custom:scripting/monoscript/fileName/TCP2_Demo_AutoRotate.cs: 0567dee0421ae0886b132939e2b454c8 -> 
  custom:scripting/monoscript/fileName/TCP2_Utils.cs: d281bbd614b05954e715119ffb4e24b0 -> 
  custom:scripting/monoscript/fileName/TCP2_MaterialInspector_PBS_SG.cs: 854a75f3d615b0c507e87b45b4a3c6d0 -> 
  custom:scripting/monoscript/fileName/TCP2_Menu.cs: 88e64115b36f2d5f17b21666c38f240d -> 
  custom:scripting/monoscript/fileName/TCP2_Demo_Interactive_Environment.cs: 08147bc20b048c5b5aea073f2107a938 -> 
  custom:scripting/monoscript/fileName/Config.cs: fae96f2b91a511890105fb9b95d24d0b -> 
  custom:scripting/monoscript/fileName/TCP2_CameraDepth.cs: 78d341a8ab5c83f87f48439841cfe550 -> 
  custom:container-muxer-webm: aa71ff27fc2769a1b78a27578f13a17b -> 
  custom:video-decoder-webm-vp8: 9c59270c3fd7afecdb556c50c9e8de78 -> 
  custom:scripting/monoscript/fileName/TCP2_Demo_AnimateMaterial.cs: 36cd3afdb13edf651922a70330252de1 -> 
  custom:scripting/monoscript/fileName/TCP2_ShaderUpdateUnityTime_Editor.cs: c0adbd8b2cef361b0d030b13795a28f1 -> 
  custom:SearchIndexIgnoredProperties: e643bd26f0fe6173181afceb89e7c659 -> 
  custom:scripting/monoscript/fileName/TCP2_ShaderGenerator.UIFeatures.cs: 1d2933bc56d7311d0449931f9ae688f2 -> 
  custom:AudioImporter_EditorPlatform: d09bf68614088b80899f8185d706f6e7 -> 
  custom:scripting/monoscript/fileName/Serialization.cs: a597a656351bb23afb778cbe20ff24fa -> dd6acf6845fbd366eebfbdc457fca7bf
  custom:scripting/monoscript/fileName/TCP2_MaterialInspector_SurfacePBS_SG.cs: 88b6aab46ec263e3f285a8b01039276b -> 
  custom:scripting/monoscript/fileName/BloomGraphDrawer.cs: 9600e9f64d67dabab17944976945a2fa -> 
  custom:scripting/monoscript/fileName/TCP2_ShaderUpdateUnityTime.cs: 61bb3190525b24acadb5199bc561b249 -> 
  custom:scripting/monoscript/fileName/TCP2_PlanarReflection.cs: 09ded59f42b98316a095fe201bedfef7 -> 
  custom:scripting/monoscript/fileName/TCP2_RampGenerator.cs: eaec3e604e38ce2a529b64230727e120 -> 
  custom:scripting/monoscript/fileName/SGUILayout.cs: 9a748d27fc237893445b0be72a0a383e -> 
  custom:scripting/monoscript/fileName/ShaderGenerator2.cs: e5295c95a591168ca7cb39a3ade1c16c -> 
  custom:scripting/monoscript/fileName/TCP2_MaterialInspector_SG.cs: 831645fb097b4502f2682dac3160ce44 -> 
  custom:scripting/monoscript/fileName/ShaderProperty.CustomMaterialProperty.cs: bc66a2637169b9e3b0a7518af3f83ec8 -> 
  custom:scripting/monoscript/fileName/TCP2_Demo_Camera.cs: cb4db1febccc2c4e09ec7a6d23187ea7 -> 
  custom:scripting/monoscript/fileName/TCP2_Demo_View.cs: 7e6099098a9785fde276519acfef40f1 -> 
  custom:scripting/monoscript/fileName/TCP2_Config.cs: f4d22248fc55d9b99738808a615b972c -> 
  custom:video-encoder-webm-vp8: eb34c28f22e8b96e1ab97ce403110664 -> 
  custom:scripting/monoscript/fileName/TCP2_MaterialInspector.cs: 1f5ad91034ee25bbec41e2eeabf5a3bd -> 
  custom:scripting/monoscript/fileName/TCP2_GetPosOnWater.cs: 09fece8a0755d1b11f9fdf3eb77dcbc0 -> 
  custom:scripting/monoscript/fileName/Bloom.cs: e82d119aa2efdcbdd1539124121b585d -> 6f6d579a64201b97313a62a1e91b3575
  custom:audio-decoder-ogg-vorbis: bf7c407c2cedff20999df2af8eb42d56 -> 
  custom:scripting/monoscript/fileName/ShaderProperty.cs: 82bb21d4405e65966350eb3cb56ff024 -> 
  custom:scripting/monoscript/fileName/ShaderProperty.Implementations.cs: 832c102de82f04cdc65de110fef55bbe -> 
  custom:scripting/monoscript/fileName/GlobalOptions.cs: fe6494fa426a8040736381ebbdd122c8 -> 
  custom:scripting/monoscript/fileName/TCP2_OutlineInspector.cs: 65523a4924160d9a16e9359205373c7a -> 
  custom:scripting/monoscript/fileName/TCP2_ExpressionParser.cs: 2d12153f030e7001c6e8dd49a9c830ab -> 
  custom:scripting/monoscript/fileName/TCP2_MaterialInspector_PBS.cs: 6b7e84d2fcbb320e53bf430f9d42cf27 -> 
  custom:scripting/monoscript/fileName/TCP2_SmoothedNormalsUtility.cs: d0c50f866cd0458673f04524aac330ab -> 
  custom:scripting/monoscript/fileName/CodeInjection.cs: 53eca25ffbc932bdcc2f182b3a74b3ef -> 
  custom:scripting/monoscript/fileName/BloomEditor.cs: a48a482d8411f395a95a3ae16e7ee54d -> c341bb26b40744c3a5c2a142ac3e1051
  custom:scripting/monoscript/fileName/TCP2_Demo_PBS.cs: bf0261dde914e2ef482e8008955d4b0e -> 
  custom:audio-encoder-webm-vorbis: bf7c407c2cedff20999df2af8eb42d56 -> 
  custom:scripting/monoscript/fileName/Template.cs: 955ddae9cda1c5cb75f6ed421335be29 -> 
  custom:scripting/monoscript/fileName/Module.cs: 778e7a9ccb860ce5ee06b85a41592eb7 -> 9cffc223e3cf6968fcbc7ffa33b894e5
========================================================================
Received Prepare
Caller must complete domain reload
Begin MonoManager ReloadAssembly
- Loaded All Assemblies, in  0.430 seconds
Native extension for WindowsStandalone target not found
Native extension for Android target not found
Native extension for WebGL target not found
Mono: successfully reloaded assembly
- Finished resetting the current domain, in  0.897 seconds
Domain Reload Profiling: 1327ms
	BeginReloadAssembly (151ms)
		ExecutionOrderSort (0ms)
		DisableScriptedObjects (7ms)
		BackupInstance (0ms)
		ReleaseScriptingObjects (0ms)
		CreateAndSetChildDomain (34ms)
	RebuildCommonClasses (37ms)
	RebuildNativeTypeToScriptingClass (12ms)
	initialDomainReloadingComplete (27ms)
	LoadAllAssembliesAndSetupDomain (202ms)
		LoadAssemblies (252ms)
		RebuildTransferFunctionScriptingTraits (0ms)
		AnalyzeDomain (29ms)
			TypeCache.Refresh (10ms)
				TypeCache.ScanAssembly (1ms)
			ScanForSourceGeneratedMonoScriptInfo (8ms)
			ResolveRequiredComponents (7ms)
	FinalizeReload (898ms)
		ReleaseScriptCaches (0ms)
		RebuildScriptCaches (0ms)
		SetupLoadedEditorAssemblies (431ms)
			LogAssemblyErrors (0ms)
			InitializePlatformSupportModulesInManaged (17ms)
			SetLoadedEditorAssemblies (4ms)
			RefreshPlugins (0ms)
			BeforeProcessingInitializeOnLoad (60ms)
			ProcessInitializeOnLoadAttributes (328ms)
			ProcessInitializeOnLoadMethodAttributes (20ms)
			AfterProcessingInitializeOnLoad (2ms)
			EditorAssembliesLoaded (0ms)
		ExecutionOrderSort2 (0ms)
		AwakeInstancesAfterBackupRestoration (6ms)
Refreshing native plugins compatible for Editor in 2.80 ms, found 3 plugins.
Preloading 0 native plugins for Editor in 0.00 ms.
Unloading 3443 Unused Serialized files (Serialized files now loaded: 0)
Unloading 26 unused Assets / (195.4 KB). Loaded Objects now: 4056.
Memory consumption went from 131.5 MB to 131.3 MB.
Total: 2.524500 ms (FindLiveObjects: 0.269400 ms CreateObjectMapping: 0.073100 ms MarkObjects: 2.071700 ms  DeleteObjects: 0.109500 ms)

Prepare: number of updated asset objects reloaded= 0
AssetImportParameters requested are different than current active one (requested -> active):
  custom:scripting/monoscript/fileName/TCP2_GradientManager.cs: fcc0eade98cac5b7275979695df635bb -> 
  custom:scripting/monoscript/fileName/MaterialInspector_SG2.cs: 8e87db41a3a0c328381e02b96642d5ed -> 
  custom:container-demuxer-ogg: 62fdf1f143b41e24485cea50d1cbac27 -> 
  custom:scripting/monoscript/fileName/TCP2_ShaderGeneratorUtils.cs: 60f19fd12c7e608165239da51b7c9347 -> 
  custom:scripting/monoscript/fileName/MaterialInspector_Hybrid.cs: dd0479f081972fc1bd8117e9b8a3c19c -> 
  custom:scripting/monoscript/fileName/UIFeatures.cs: 4fdc490df447934db2a1c1930602ea90 -> 
  custom:video-codec-MediaFoundation-h265: 746d11721c4dcdbdad8f713fa42b33f4 -> 
  custom:video-decoder-ogg-theora: a1e56fd34408186e4bbccfd4996cb3dc -> 
  custom:scripting/monoscript/fileName/TCP2_GetPosOnWater_Editor.cs: f070524cbf80cc182ddafc23e9b0c865 -> 
  custom:framework-win-MediaFoundation: 216162199b28c13a410421893ffa2e32 -> 
  custom:scripting/monoscript/fileName/TCP2_Demo_GammaLinear.cs: b35f68aa1d552cb4d1a4ec6c926c0f0b -> 
  custom:scripting/monoscript/fileName/TCP2_GUI.cs: 1338930458367abb0020a550450a40ac -> 
  custom:scripting/monoscript/fileName/TCP2_Demo_Interactive.cs: c0fc773abdf677858f2b632324822fc1 -> 
  custom:scripting/monoscript/fileName/TCP2_Demo_Interactive_Content.cs: af5c3adfbee3ee106cc636b55f10baea -> 
  custom:scripting/monoscript/fileName/TCP2_RuntimeUtils.cs: 6234d1c0df7a9f06c3c188e83442ae85 -> 
  custom:scripting/monoscript/fileName/TCP2_Demo_InvertedMaskImage.cs: ffd3558dbe2bfe9f162715877425f894 -> 
  custom:scripting/monoscript/fileName/ReorderableLayoutList.cs: 9ba7bd4c991c73731c821315ffcd1d38 -> 
  custom:scripting/monoscript/fileName/TCP2_Demo.cs: f66526b53badb7ad665229520cd3259d -> 
  custom:CustomObjectIndexerAttribute: 9a22284fe3817be447336de3de66b15e -> 
  custom:scripting/monoscript/fileName/TCP2_Demo_PBS_View.cs: c54dfb82e8364e406c25d94e7503bb47 -> 
  custom:scripting/monoscript/fileName/Tooltip.cs: 6d98b883b77bd4eb3be7c69498228e5b -> efbd10c978725fde614599dc839eb715
  custom:scripting/monoscript/fileName/TCP2_Demo_Cat.cs: ddce114892a3e78f308d54f7c0d40e51 -> 
  custom:container-demuxer-webm: 4f35f7cbe854078d1ac9338744f61a02 -> 
  custom:scripting/monoscript/fileName/TCP2_Demo_AutoRotate.cs: 0567dee0421ae0886b132939e2b454c8 -> 
  custom:scripting/monoscript/fileName/TCP2_Utils.cs: d281bbd614b05954e715119ffb4e24b0 -> 
  custom:scripting/monoscript/fileName/TCP2_MaterialInspector_PBS_SG.cs: 854a75f3d615b0c507e87b45b4a3c6d0 -> 
  custom:scripting/monoscript/fileName/TCP2_Menu.cs: 88e64115b36f2d5f17b21666c38f240d -> 
  custom:scripting/monoscript/fileName/TCP2_Demo_Interactive_Environment.cs: 08147bc20b048c5b5aea073f2107a938 -> 
  custom:scripting/monoscript/fileName/Config.cs: fae96f2b91a511890105fb9b95d24d0b -> 
  custom:scripting/monoscript/fileName/TCP2_CameraDepth.cs: 78d341a8ab5c83f87f48439841cfe550 -> 
  custom:container-muxer-webm: aa71ff27fc2769a1b78a27578f13a17b -> 
  custom:video-decoder-webm-vp8: 9c59270c3fd7afecdb556c50c9e8de78 -> 
  custom:scripting/monoscript/fileName/TCP2_Demo_AnimateMaterial.cs: 36cd3afdb13edf651922a70330252de1 -> 
  custom:scripting/monoscript/fileName/TCP2_ShaderUpdateUnityTime_Editor.cs: c0adbd8b2cef361b0d030b13795a28f1 -> 
  custom:SearchIndexIgnoredProperties: e643bd26f0fe6173181afceb89e7c659 -> 
  custom:scripting/monoscript/fileName/TCP2_ShaderGenerator.UIFeatures.cs: 1d2933bc56d7311d0449931f9ae688f2 -> 
  custom:AudioImporter_EditorPlatform: d09bf68614088b80899f8185d706f6e7 -> 
  custom:scripting/monoscript/fileName/Serialization.cs: a597a656351bb23afb778cbe20ff24fa -> dd6acf6845fbd366eebfbdc457fca7bf
  custom:scripting/monoscript/fileName/TCP2_MaterialInspector_SurfacePBS_SG.cs: 88b6aab46ec263e3f285a8b01039276b -> 
  custom:scripting/monoscript/fileName/BloomGraphDrawer.cs: 9600e9f64d67dabab17944976945a2fa -> 
  custom:scripting/monoscript/fileName/TCP2_ShaderUpdateUnityTime.cs: 61bb3190525b24acadb5199bc561b249 -> 
  custom:scripting/monoscript/fileName/TCP2_PlanarReflection.cs: 09ded59f42b98316a095fe201bedfef7 -> 
  custom:scripting/monoscript/fileName/TCP2_RampGenerator.cs: eaec3e604e38ce2a529b64230727e120 -> 
  custom:scripting/monoscript/fileName/SGUILayout.cs: 9a748d27fc237893445b0be72a0a383e -> 
  custom:scripting/monoscript/fileName/ShaderGenerator2.cs: e5295c95a591168ca7cb39a3ade1c16c -> 
  custom:scripting/monoscript/fileName/TCP2_MaterialInspector_SG.cs: 831645fb097b4502f2682dac3160ce44 -> 
  custom:scripting/monoscript/fileName/ShaderProperty.CustomMaterialProperty.cs: bc66a2637169b9e3b0a7518af3f83ec8 -> 
  custom:scripting/monoscript/fileName/TCP2_Demo_Camera.cs: cb4db1febccc2c4e09ec7a6d23187ea7 -> 
  custom:scripting/monoscript/fileName/TCP2_Demo_View.cs: 7e6099098a9785fde276519acfef40f1 -> 
  custom:scripting/monoscript/fileName/TCP2_Config.cs: f4d22248fc55d9b99738808a615b972c -> 
  custom:video-encoder-webm-vp8: eb34c28f22e8b96e1ab97ce403110664 -> 
  custom:scripting/monoscript/fileName/TCP2_MaterialInspector.cs: 1f5ad91034ee25bbec41e2eeabf5a3bd -> 
  custom:scripting/monoscript/fileName/TCP2_GetPosOnWater.cs: 09fece8a0755d1b11f9fdf3eb77dcbc0 -> 
  custom:scripting/monoscript/fileName/Bloom.cs: e82d119aa2efdcbdd1539124121b585d -> 6f6d579a64201b97313a62a1e91b3575
  custom:audio-decoder-ogg-vorbis: bf7c407c2cedff20999df2af8eb42d56 -> 
  custom:scripting/monoscript/fileName/ShaderProperty.cs: 82bb21d4405e65966350eb3cb56ff024 -> 
  custom:scripting/monoscript/fileName/ShaderProperty.Implementations.cs: 832c102de82f04cdc65de110fef55bbe -> 
  custom:scripting/monoscript/fileName/GlobalOptions.cs: fe6494fa426a8040736381ebbdd122c8 -> 
  custom:scripting/monoscript/fileName/TCP2_OutlineInspector.cs: 65523a4924160d9a16e9359205373c7a -> 
  custom:scripting/monoscript/fileName/TCP2_ExpressionParser.cs: 2d12153f030e7001c6e8dd49a9c830ab -> 
  custom:scripting/monoscript/fileName/TCP2_MaterialInspector_PBS.cs: 6b7e84d2fcbb320e53bf430f9d42cf27 -> 
  custom:scripting/monoscript/fileName/TCP2_SmoothedNormalsUtility.cs: d0c50f866cd0458673f04524aac330ab -> 
  custom:scripting/monoscript/fileName/CodeInjection.cs: 53eca25ffbc932bdcc2f182b3a74b3ef -> 
  custom:scripting/monoscript/fileName/BloomEditor.cs: a48a482d8411f395a95a3ae16e7ee54d -> c341bb26b40744c3a5c2a142ac3e1051
  custom:scripting/monoscript/fileName/TCP2_Demo_PBS.cs: bf0261dde914e2ef482e8008955d4b0e -> 
  custom:audio-encoder-webm-vorbis: bf7c407c2cedff20999df2af8eb42d56 -> 
  custom:scripting/monoscript/fileName/Template.cs: 955ddae9cda1c5cb75f6ed421335be29 -> 
  custom:scripting/monoscript/fileName/Module.cs: 778e7a9ccb860ce5ee06b85a41592eb7 -> 9cffc223e3cf6968fcbc7ffa33b894e5
========================================================================
Received Prepare
Caller must complete domain reload
Begin MonoManager ReloadAssembly
- Loaded All Assemblies, in  0.309 seconds
Native extension for WindowsStandalone target not found
Native extension for Android target not found
Native extension for WebGL target not found
Mono: successfully reloaded assembly
- Finished resetting the current domain, in  0.638 seconds
Domain Reload Profiling: 947ms
	BeginReloadAssembly (115ms)
		ExecutionOrderSort (0ms)
		DisableScriptedObjects (4ms)
		BackupInstance (0ms)
		ReleaseScriptingObjects (0ms)
		CreateAndSetChildDomain (31ms)
	RebuildCommonClasses (22ms)
	RebuildNativeTypeToScriptingClass (8ms)
	initialDomainReloadingComplete (17ms)
	LoadAllAssembliesAndSetupDomain (147ms)
		LoadAssemblies (189ms)
		RebuildTransferFunctionScriptingTraits (0ms)
		AnalyzeDomain (13ms)
			TypeCache.Refresh (4ms)
				TypeCache.ScanAssembly (0ms)
			ScanForSourceGeneratedMonoScriptInfo (0ms)
			ResolveRequiredComponents (6ms)
	FinalizeReload (638ms)
		ReleaseScriptCaches (0ms)
		RebuildScriptCaches (0ms)
		SetupLoadedEditorAssemblies (311ms)
			LogAssemblyErrors (0ms)
			InitializePlatformSupportModulesInManaged (10ms)
			SetLoadedEditorAssemblies (4ms)
			RefreshPlugins (0ms)
			BeforeProcessingInitializeOnLoad (47ms)
			ProcessInitializeOnLoadAttributes (228ms)
			ProcessInitializeOnLoadMethodAttributes (18ms)
			AfterProcessingInitializeOnLoad (3ms)
			EditorAssembliesLoaded (0ms)
		ExecutionOrderSort2 (0ms)
		AwakeInstancesAfterBackupRestoration (7ms)
Refreshing native plugins compatible for Editor in 2.31 ms, found 3 plugins.
Preloading 0 native plugins for Editor in 0.00 ms.
Unloading 3443 Unused Serialized files (Serialized files now loaded: 0)
Unloading 26 unused Assets / (195.4 KB). Loaded Objects now: 4060.
Memory consumption went from 131.5 MB to 131.3 MB.
Total: 4.789400 ms (FindLiveObjects: 0.467400 ms CreateObjectMapping: 0.080400 ms MarkObjects: 3.988600 ms  DeleteObjects: 0.250800 ms)

Prepare: number of updated asset objects reloaded= 0
AssetImportParameters requested are different than current active one (requested -> active):
  custom:scripting/monoscript/fileName/TCP2_GradientManager.cs: fcc0eade98cac5b7275979695df635bb -> 
  custom:scripting/monoscript/fileName/MaterialInspector_SG2.cs: 8e87db41a3a0c328381e02b96642d5ed -> 
  custom:container-demuxer-ogg: 62fdf1f143b41e24485cea50d1cbac27 -> 
  custom:scripting/monoscript/fileName/TCP2_ShaderGeneratorUtils.cs: 60f19fd12c7e608165239da51b7c9347 -> 
  custom:scripting/monoscript/fileName/MaterialInspector_Hybrid.cs: dd0479f081972fc1bd8117e9b8a3c19c -> 
  custom:scripting/monoscript/fileName/UIFeatures.cs: 4fdc490df447934db2a1c1930602ea90 -> 
  custom:video-codec-MediaFoundation-h265: 746d11721c4dcdbdad8f713fa42b33f4 -> 
  custom:video-decoder-ogg-theora: a1e56fd34408186e4bbccfd4996cb3dc -> 
  custom:scripting/monoscript/fileName/TCP2_GetPosOnWater_Editor.cs: f070524cbf80cc182ddafc23e9b0c865 -> 
  custom:framework-win-MediaFoundation: 216162199b28c13a410421893ffa2e32 -> 
  custom:scripting/monoscript/fileName/TCP2_Demo_GammaLinear.cs: b35f68aa1d552cb4d1a4ec6c926c0f0b -> 
  custom:scripting/monoscript/fileName/TCP2_GUI.cs: 1338930458367abb0020a550450a40ac -> 
  custom:scripting/monoscript/fileName/TCP2_Demo_Interactive.cs: c0fc773abdf677858f2b632324822fc1 -> 
  custom:scripting/monoscript/fileName/TCP2_Demo_Interactive_Content.cs: af5c3adfbee3ee106cc636b55f10baea -> 
  custom:scripting/monoscript/fileName/TCP2_RuntimeUtils.cs: 6234d1c0df7a9f06c3c188e83442ae85 -> 
  custom:scripting/monoscript/fileName/TCP2_Demo_InvertedMaskImage.cs: ffd3558dbe2bfe9f162715877425f894 -> 
  custom:scripting/monoscript/fileName/ReorderableLayoutList.cs: 9ba7bd4c991c73731c821315ffcd1d38 -> 
  custom:scripting/monoscript/fileName/TCP2_Demo.cs: f66526b53badb7ad665229520cd3259d -> 
  custom:CustomObjectIndexerAttribute: 9a22284fe3817be447336de3de66b15e -> 
  custom:scripting/monoscript/fileName/TCP2_Demo_PBS_View.cs: c54dfb82e8364e406c25d94e7503bb47 -> 
  custom:scripting/monoscript/fileName/Tooltip.cs: 6d98b883b77bd4eb3be7c69498228e5b -> efbd10c978725fde614599dc839eb715
  custom:scripting/monoscript/fileName/TCP2_Demo_Cat.cs: ddce114892a3e78f308d54f7c0d40e51 -> 
  custom:container-demuxer-webm: 4f35f7cbe854078d1ac9338744f61a02 -> 
  custom:scripting/monoscript/fileName/TCP2_Demo_AutoRotate.cs: 0567dee0421ae0886b132939e2b454c8 -> 
  custom:scripting/monoscript/fileName/TCP2_Utils.cs: d281bbd614b05954e715119ffb4e24b0 -> 
  custom:scripting/monoscript/fileName/TCP2_MaterialInspector_PBS_SG.cs: 854a75f3d615b0c507e87b45b4a3c6d0 -> 
  custom:scripting/monoscript/fileName/TCP2_Menu.cs: 88e64115b36f2d5f17b21666c38f240d -> 
  custom:scripting/monoscript/fileName/TCP2_Demo_Interactive_Environment.cs: 08147bc20b048c5b5aea073f2107a938 -> 
  custom:scripting/monoscript/fileName/Config.cs: fae96f2b91a511890105fb9b95d24d0b -> 
  custom:scripting/monoscript/fileName/TCP2_CameraDepth.cs: 78d341a8ab5c83f87f48439841cfe550 -> 
  custom:container-muxer-webm: aa71ff27fc2769a1b78a27578f13a17b -> 
  custom:video-decoder-webm-vp8: 9c59270c3fd7afecdb556c50c9e8de78 -> 
  custom:scripting/monoscript/fileName/TCP2_Demo_AnimateMaterial.cs: 36cd3afdb13edf651922a70330252de1 -> 
  custom:scripting/monoscript/fileName/TCP2_ShaderUpdateUnityTime_Editor.cs: c0adbd8b2cef361b0d030b13795a28f1 -> 
  custom:SearchIndexIgnoredProperties: e643bd26f0fe6173181afceb89e7c659 -> 
  custom:scripting/monoscript/fileName/TCP2_ShaderGenerator.UIFeatures.cs: 1d2933bc56d7311d0449931f9ae688f2 -> 
  custom:AudioImporter_EditorPlatform: d09bf68614088b80899f8185d706f6e7 -> 
  custom:scripting/monoscript/fileName/Serialization.cs: a597a656351bb23afb778cbe20ff24fa -> dd6acf6845fbd366eebfbdc457fca7bf
  custom:scripting/monoscript/fileName/TCP2_MaterialInspector_SurfacePBS_SG.cs: 88b6aab46ec263e3f285a8b01039276b -> 
  custom:scripting/monoscript/fileName/BloomGraphDrawer.cs: 9600e9f64d67dabab17944976945a2fa -> 
  custom:scripting/monoscript/fileName/TCP2_ShaderUpdateUnityTime.cs: 61bb3190525b24acadb5199bc561b249 -> 
  custom:scripting/monoscript/fileName/TCP2_PlanarReflection.cs: 09ded59f42b98316a095fe201bedfef7 -> 
  custom:scripting/monoscript/fileName/TCP2_RampGenerator.cs: eaec3e604e38ce2a529b64230727e120 -> 
  custom:scripting/monoscript/fileName/SGUILayout.cs: 9a748d27fc237893445b0be72a0a383e -> 
  custom:scripting/monoscript/fileName/ShaderGenerator2.cs: e5295c95a591168ca7cb39a3ade1c16c -> 
  custom:scripting/monoscript/fileName/TCP2_MaterialInspector_SG.cs: 831645fb097b4502f2682dac3160ce44 -> 
  custom:scripting/monoscript/fileName/ShaderProperty.CustomMaterialProperty.cs: bc66a2637169b9e3b0a7518af3f83ec8 -> 
  custom:scripting/monoscript/fileName/TCP2_Demo_Camera.cs: cb4db1febccc2c4e09ec7a6d23187ea7 -> 
  custom:scripting/monoscript/fileName/TCP2_Demo_View.cs: 7e6099098a9785fde276519acfef40f1 -> 
  custom:scripting/monoscript/fileName/TCP2_Config.cs: f4d22248fc55d9b99738808a615b972c -> 
  custom:video-encoder-webm-vp8: eb34c28f22e8b96e1ab97ce403110664 -> 
  custom:scripting/monoscript/fileName/TCP2_MaterialInspector.cs: 1f5ad91034ee25bbec41e2eeabf5a3bd -> 
  custom:scripting/monoscript/fileName/TCP2_GetPosOnWater.cs: 09fece8a0755d1b11f9fdf3eb77dcbc0 -> 
  custom:scripting/monoscript/fileName/Bloom.cs: e82d119aa2efdcbdd1539124121b585d -> 6f6d579a64201b97313a62a1e91b3575
  custom:audio-decoder-ogg-vorbis: bf7c407c2cedff20999df2af8eb42d56 -> 
  custom:scripting/monoscript/fileName/ShaderProperty.cs: 82bb21d4405e65966350eb3cb56ff024 -> 
  custom:scripting/monoscript/fileName/ShaderProperty.Implementations.cs: 832c102de82f04cdc65de110fef55bbe -> 
  custom:scripting/monoscript/fileName/GlobalOptions.cs: fe6494fa426a8040736381ebbdd122c8 -> 
  custom:scripting/monoscript/fileName/TCP2_OutlineInspector.cs: 65523a4924160d9a16e9359205373c7a -> 
  custom:scripting/monoscript/fileName/TCP2_ExpressionParser.cs: 2d12153f030e7001c6e8dd49a9c830ab -> 
  custom:scripting/monoscript/fileName/TCP2_MaterialInspector_PBS.cs: 6b7e84d2fcbb320e53bf430f9d42cf27 -> 
  custom:scripting/monoscript/fileName/TCP2_SmoothedNormalsUtility.cs: d0c50f866cd0458673f04524aac330ab -> 
  custom:scripting/monoscript/fileName/CodeInjection.cs: 53eca25ffbc932bdcc2f182b3a74b3ef -> 
  custom:scripting/monoscript/fileName/BloomEditor.cs: a48a482d8411f395a95a3ae16e7ee54d -> c341bb26b40744c3a5c2a142ac3e1051
  custom:scripting/monoscript/fileName/TCP2_Demo_PBS.cs: bf0261dde914e2ef482e8008955d4b0e -> 
  custom:audio-encoder-webm-vorbis: bf7c407c2cedff20999df2af8eb42d56 -> 
  custom:scripting/monoscript/fileName/Template.cs: 955ddae9cda1c5cb75f6ed421335be29 -> 
  custom:scripting/monoscript/fileName/Module.cs: 778e7a9ccb860ce5ee06b85a41592eb7 -> 9cffc223e3cf6968fcbc7ffa33b894e5
========================================================================
Received Prepare
Caller must complete domain reload
Begin MonoManager ReloadAssembly
- Loaded All Assemblies, in  0.293 seconds
Native extension for WindowsStandalone target not found
Native extension for Android target not found
Native extension for WebGL target not found
Mono: successfully reloaded assembly
- Finished resetting the current domain, in  0.739 seconds
Domain Reload Profiling: 1033ms
	BeginReloadAssembly (111ms)
		ExecutionOrderSort (0ms)
		DisableScriptedObjects (4ms)
		BackupInstance (0ms)
		ReleaseScriptingObjects (0ms)
		CreateAndSetChildDomain (30ms)
	RebuildCommonClasses (21ms)
	RebuildNativeTypeToScriptingClass (10ms)
	initialDomainReloadingComplete (20ms)
	LoadAllAssembliesAndSetupDomain (132ms)
		LoadAssemblies (171ms)
		RebuildTransferFunctionScriptingTraits (0ms)
		AnalyzeDomain (13ms)
			TypeCache.Refresh (5ms)
				TypeCache.ScanAssembly (0ms)
			ScanForSourceGeneratedMonoScriptInfo (0ms)
			ResolveRequiredComponents (5ms)
	FinalizeReload (740ms)
		ReleaseScriptCaches (0ms)
		RebuildScriptCaches (0ms)
		SetupLoadedEditorAssemblies (376ms)
			LogAssemblyErrors (0ms)
			InitializePlatformSupportModulesInManaged (11ms)
			SetLoadedEditorAssemblies (4ms)
			RefreshPlugins (0ms)
			BeforeProcessingInitializeOnLoad (48ms)
			ProcessInitializeOnLoadAttributes (284ms)
			ProcessInitializeOnLoadMethodAttributes (27ms)
			AfterProcessingInitializeOnLoad (2ms)
			EditorAssembliesLoaded (0ms)
		ExecutionOrderSort2 (0ms)
		AwakeInstancesAfterBackupRestoration (8ms)
Refreshing native plugins compatible for Editor in 2.50 ms, found 3 plugins.
Preloading 0 native plugins for Editor in 0.00 ms.
Unloading 3443 Unused Serialized files (Serialized files now loaded: 0)
Unloading 26 unused Assets / (195.4 KB). Loaded Objects now: 4064.
Memory consumption went from 131.5 MB to 131.3 MB.
Total: 6.100900 ms (FindLiveObjects: 0.531500 ms CreateObjectMapping: 0.082100 ms MarkObjects: 5.251900 ms  DeleteObjects: 0.231000 ms)

Prepare: number of updated asset objects reloaded= 0
AssetImportParameters requested are different than current active one (requested -> active):
  custom:scripting/monoscript/fileName/TCP2_GradientManager.cs: fcc0eade98cac5b7275979695df635bb -> 
  custom:scripting/monoscript/fileName/MaterialInspector_SG2.cs: 8e87db41a3a0c328381e02b96642d5ed -> 
  custom:container-demuxer-ogg: 62fdf1f143b41e24485cea50d1cbac27 -> 
  custom:scripting/monoscript/fileName/TCP2_ShaderGeneratorUtils.cs: 60f19fd12c7e608165239da51b7c9347 -> 
  custom:scripting/monoscript/fileName/MaterialInspector_Hybrid.cs: dd0479f081972fc1bd8117e9b8a3c19c -> 
  custom:scripting/monoscript/fileName/UIFeatures.cs: 4fdc490df447934db2a1c1930602ea90 -> 
  custom:video-codec-MediaFoundation-h265: 746d11721c4dcdbdad8f713fa42b33f4 -> 
  custom:video-decoder-ogg-theora: a1e56fd34408186e4bbccfd4996cb3dc -> 
  custom:scripting/monoscript/fileName/TCP2_GetPosOnWater_Editor.cs: f070524cbf80cc182ddafc23e9b0c865 -> 
  custom:framework-win-MediaFoundation: 216162199b28c13a410421893ffa2e32 -> 
  custom:scripting/monoscript/fileName/TCP2_Demo_GammaLinear.cs: b35f68aa1d552cb4d1a4ec6c926c0f0b -> 
  custom:scripting/monoscript/fileName/TCP2_GUI.cs: 1338930458367abb0020a550450a40ac -> 
  custom:scripting/monoscript/fileName/TCP2_Demo_Interactive.cs: c0fc773abdf677858f2b632324822fc1 -> 
  custom:scripting/monoscript/fileName/TCP2_Demo_Interactive_Content.cs: af5c3adfbee3ee106cc636b55f10baea -> 
  custom:scripting/monoscript/fileName/TCP2_RuntimeUtils.cs: 6234d1c0df7a9f06c3c188e83442ae85 -> 
  custom:scripting/monoscript/fileName/TCP2_Demo_InvertedMaskImage.cs: ffd3558dbe2bfe9f162715877425f894 -> 
  custom:scripting/monoscript/fileName/ReorderableLayoutList.cs: 9ba7bd4c991c73731c821315ffcd1d38 -> 
  custom:scripting/monoscript/fileName/TCP2_Demo.cs: f66526b53badb7ad665229520cd3259d -> 
  custom:CustomObjectIndexerAttribute: 9a22284fe3817be447336de3de66b15e -> 
  custom:scripting/monoscript/fileName/TCP2_Demo_PBS_View.cs: c54dfb82e8364e406c25d94e7503bb47 -> 
  custom:scripting/monoscript/fileName/Tooltip.cs: 6d98b883b77bd4eb3be7c69498228e5b -> efbd10c978725fde614599dc839eb715
  custom:scripting/monoscript/fileName/TCP2_Demo_Cat.cs: ddce114892a3e78f308d54f7c0d40e51 -> 
  custom:container-demuxer-webm: 4f35f7cbe854078d1ac9338744f61a02 -> 
  custom:scripting/monoscript/fileName/TCP2_Demo_AutoRotate.cs: 0567dee0421ae0886b132939e2b454c8 -> 
  custom:scripting/monoscript/fileName/TCP2_Utils.cs: d281bbd614b05954e715119ffb4e24b0 -> 
  custom:scripting/monoscript/fileName/TCP2_MaterialInspector_PBS_SG.cs: 854a75f3d615b0c507e87b45b4a3c6d0 -> 
  custom:scripting/monoscript/fileName/TCP2_Menu.cs: 88e64115b36f2d5f17b21666c38f240d -> 
  custom:scripting/monoscript/fileName/TCP2_Demo_Interactive_Environment.cs: 08147bc20b048c5b5aea073f2107a938 -> 
  custom:scripting/monoscript/fileName/Config.cs: fae96f2b91a511890105fb9b95d24d0b -> 
  custom:scripting/monoscript/fileName/TCP2_CameraDepth.cs: 78d341a8ab5c83f87f48439841cfe550 -> 
  custom:container-muxer-webm: aa71ff27fc2769a1b78a27578f13a17b -> 
  custom:video-decoder-webm-vp8: 9c59270c3fd7afecdb556c50c9e8de78 -> 
  custom:scripting/monoscript/fileName/TCP2_Demo_AnimateMaterial.cs: 36cd3afdb13edf651922a70330252de1 -> 
  custom:scripting/monoscript/fileName/TCP2_ShaderUpdateUnityTime_Editor.cs: c0adbd8b2cef361b0d030b13795a28f1 -> 
  custom:SearchIndexIgnoredProperties: e643bd26f0fe6173181afceb89e7c659 -> 
  custom:scripting/monoscript/fileName/TCP2_ShaderGenerator.UIFeatures.cs: 1d2933bc56d7311d0449931f9ae688f2 -> 
  custom:AudioImporter_EditorPlatform: d09bf68614088b80899f8185d706f6e7 -> 
  custom:scripting/monoscript/fileName/Serialization.cs: a597a656351bb23afb778cbe20ff24fa -> dd6acf6845fbd366eebfbdc457fca7bf
  custom:scripting/monoscript/fileName/TCP2_MaterialInspector_SurfacePBS_SG.cs: 88b6aab46ec263e3f285a8b01039276b -> 
  custom:scripting/monoscript/fileName/BloomGraphDrawer.cs: 9600e9f64d67dabab17944976945a2fa -> 
  custom:scripting/monoscript/fileName/TCP2_ShaderUpdateUnityTime.cs: 61bb3190525b24acadb5199bc561b249 -> 
  custom:scripting/monoscript/fileName/TCP2_PlanarReflection.cs: 09ded59f42b98316a095fe201bedfef7 -> 
  custom:scripting/monoscript/fileName/TCP2_RampGenerator.cs: eaec3e604e38ce2a529b64230727e120 -> 
  custom:scripting/monoscript/fileName/SGUILayout.cs: 9a748d27fc237893445b0be72a0a383e -> 
  custom:scripting/monoscript/fileName/ShaderGenerator2.cs: e5295c95a591168ca7cb39a3ade1c16c -> 
  custom:scripting/monoscript/fileName/TCP2_MaterialInspector_SG.cs: 831645fb097b4502f2682dac3160ce44 -> 
  custom:scripting/monoscript/fileName/ShaderProperty.CustomMaterialProperty.cs: bc66a2637169b9e3b0a7518af3f83ec8 -> 
  custom:scripting/monoscript/fileName/TCP2_Demo_Camera.cs: cb4db1febccc2c4e09ec7a6d23187ea7 -> 
  custom:scripting/monoscript/fileName/TCP2_Demo_View.cs: 7e6099098a9785fde276519acfef40f1 -> 
  custom:scripting/monoscript/fileName/TCP2_Config.cs: f4d22248fc55d9b99738808a615b972c -> 
  custom:video-encoder-webm-vp8: eb34c28f22e8b96e1ab97ce403110664 -> 
  custom:scripting/monoscript/fileName/TCP2_MaterialInspector.cs: 1f5ad91034ee25bbec41e2eeabf5a3bd -> 
  custom:scripting/monoscript/fileName/TCP2_GetPosOnWater.cs: 09fece8a0755d1b11f9fdf3eb77dcbc0 -> 
  custom:scripting/monoscript/fileName/Bloom.cs: e82d119aa2efdcbdd1539124121b585d -> 6f6d579a64201b97313a62a1e91b3575
  custom:audio-decoder-ogg-vorbis: bf7c407c2cedff20999df2af8eb42d56 -> 
  custom:scripting/monoscript/fileName/ShaderProperty.cs: 82bb21d4405e65966350eb3cb56ff024 -> 
  custom:scripting/monoscript/fileName/ShaderProperty.Implementations.cs: 832c102de82f04cdc65de110fef55bbe -> 
  custom:scripting/monoscript/fileName/GlobalOptions.cs: fe6494fa426a8040736381ebbdd122c8 -> 
  custom:scripting/monoscript/fileName/TCP2_OutlineInspector.cs: 65523a4924160d9a16e9359205373c7a -> 
  custom:scripting/monoscript/fileName/TCP2_ExpressionParser.cs: 2d12153f030e7001c6e8dd49a9c830ab -> 
  custom:scripting/monoscript/fileName/TCP2_MaterialInspector_PBS.cs: 6b7e84d2fcbb320e53bf430f9d42cf27 -> 
  custom:scripting/monoscript/fileName/TCP2_SmoothedNormalsUtility.cs: d0c50f866cd0458673f04524aac330ab -> 
  custom:scripting/monoscript/fileName/CodeInjection.cs: 53eca25ffbc932bdcc2f182b3a74b3ef -> 
  custom:scripting/monoscript/fileName/BloomEditor.cs: a48a482d8411f395a95a3ae16e7ee54d -> c341bb26b40744c3a5c2a142ac3e1051
  custom:scripting/monoscript/fileName/TCP2_Demo_PBS.cs: bf0261dde914e2ef482e8008955d4b0e -> 
  custom:audio-encoder-webm-vorbis: bf7c407c2cedff20999df2af8eb42d56 -> 
  custom:scripting/monoscript/fileName/Template.cs: 955ddae9cda1c5cb75f6ed421335be29 -> 
  custom:scripting/monoscript/fileName/Module.cs: 778e7a9ccb860ce5ee06b85a41592eb7 -> 9cffc223e3cf6968fcbc7ffa33b894e5
========================================================================
Received Prepare
Caller must complete domain reload
Begin MonoManager ReloadAssembly
- Loaded All Assemblies, in  0.446 seconds
Native extension for WindowsStandalone target not found
Native extension for Android target not found
Native extension for WebGL target not found
Mono: successfully reloaded assembly
- Finished resetting the current domain, in  0.954 seconds
Domain Reload Profiling: 1400ms
	BeginReloadAssembly (155ms)
		ExecutionOrderSort (0ms)
		DisableScriptedObjects (6ms)
		BackupInstance (0ms)
		ReleaseScriptingObjects (0ms)
		CreateAndSetChildDomain (33ms)
	RebuildCommonClasses (44ms)
	RebuildNativeTypeToScriptingClass (16ms)
	initialDomainReloadingComplete (25ms)
	LoadAllAssembliesAndSetupDomain (205ms)
		LoadAssemblies (259ms)
		RebuildTransferFunctionScriptingTraits (0ms)
		AnalyzeDomain (30ms)
			TypeCache.Refresh (11ms)
				TypeCache.ScanAssembly (1ms)
			ScanForSourceGeneratedMonoScriptInfo (10ms)
			ResolveRequiredComponents (7ms)
	FinalizeReload (955ms)
		ReleaseScriptCaches (0ms)
		RebuildScriptCaches (0ms)
		SetupLoadedEditorAssemblies (445ms)
			LogAssemblyErrors (0ms)
			InitializePlatformSupportModulesInManaged (15ms)
			SetLoadedEditorAssemblies (26ms)
			RefreshPlugins (0ms)
			BeforeProcessingInitializeOnLoad (74ms)
			ProcessInitializeOnLoadAttributes (307ms)
			ProcessInitializeOnLoadMethodAttributes (19ms)
			AfterProcessingInitializeOnLoad (3ms)
			EditorAssembliesLoaded (0ms)
		ExecutionOrderSort2 (0ms)
		AwakeInstancesAfterBackupRestoration (8ms)
Refreshing native plugins compatible for Editor in 1.47 ms, found 3 plugins.
Preloading 0 native plugins for Editor in 0.00 ms.
Unloading 3443 Unused Serialized files (Serialized files now loaded: 0)
Unloading 26 unused Assets / (195.4 KB). Loaded Objects now: 4068.
Memory consumption went from 131.5 MB to 131.3 MB.
Total: 3.245800 ms (FindLiveObjects: 0.297700 ms CreateObjectMapping: 0.142900 ms MarkObjects: 2.666700 ms  DeleteObjects: 0.137000 ms)

Prepare: number of updated asset objects reloaded= 0
AssetImportParameters requested are different than current active one (requested -> active):
  custom:scripting/monoscript/fileName/TCP2_GradientManager.cs: fcc0eade98cac5b7275979695df635bb -> 
  custom:scripting/monoscript/fileName/MaterialInspector_SG2.cs: 8e87db41a3a0c328381e02b96642d5ed -> 
  custom:container-demuxer-ogg: 62fdf1f143b41e24485cea50d1cbac27 -> 
  custom:scripting/monoscript/fileName/TCP2_ShaderGeneratorUtils.cs: 60f19fd12c7e608165239da51b7c9347 -> 
  custom:scripting/monoscript/fileName/MaterialInspector_Hybrid.cs: dd0479f081972fc1bd8117e9b8a3c19c -> 
  custom:scripting/monoscript/fileName/UIFeatures.cs: 4fdc490df447934db2a1c1930602ea90 -> 
  custom:video-codec-MediaFoundation-h265: 746d11721c4dcdbdad8f713fa42b33f4 -> 
  custom:video-decoder-ogg-theora: a1e56fd34408186e4bbccfd4996cb3dc -> 
  custom:scripting/monoscript/fileName/TCP2_GetPosOnWater_Editor.cs: f070524cbf80cc182ddafc23e9b0c865 -> 
  custom:framework-win-MediaFoundation: 216162199b28c13a410421893ffa2e32 -> 
  custom:scripting/monoscript/fileName/TCP2_Demo_GammaLinear.cs: b35f68aa1d552cb4d1a4ec6c926c0f0b -> 
  custom:scripting/monoscript/fileName/TCP2_GUI.cs: 1338930458367abb0020a550450a40ac -> 
  custom:scripting/monoscript/fileName/TCP2_Demo_Interactive.cs: c0fc773abdf677858f2b632324822fc1 -> 
  custom:scripting/monoscript/fileName/TCP2_Demo_Interactive_Content.cs: af5c3adfbee3ee106cc636b55f10baea -> 
  custom:scripting/monoscript/fileName/TCP2_RuntimeUtils.cs: 6234d1c0df7a9f06c3c188e83442ae85 -> 
  custom:scripting/monoscript/fileName/TCP2_Demo_InvertedMaskImage.cs: ffd3558dbe2bfe9f162715877425f894 -> 
  custom:scripting/monoscript/fileName/ReorderableLayoutList.cs: 9ba7bd4c991c73731c821315ffcd1d38 -> 
  custom:scripting/monoscript/fileName/TCP2_Demo.cs: f66526b53badb7ad665229520cd3259d -> 
  custom:CustomObjectIndexerAttribute: 9a22284fe3817be447336de3de66b15e -> 
  custom:scripting/monoscript/fileName/TCP2_Demo_PBS_View.cs: c54dfb82e8364e406c25d94e7503bb47 -> 
  custom:scripting/monoscript/fileName/Tooltip.cs: 6d98b883b77bd4eb3be7c69498228e5b -> efbd10c978725fde614599dc839eb715
  custom:scripting/monoscript/fileName/TCP2_Demo_Cat.cs: ddce114892a3e78f308d54f7c0d40e51 -> 
  custom:container-demuxer-webm: 4f35f7cbe854078d1ac9338744f61a02 -> 
  custom:scripting/monoscript/fileName/TCP2_Demo_AutoRotate.cs: 0567dee0421ae0886b132939e2b454c8 -> 
  custom:scripting/monoscript/fileName/TCP2_Utils.cs: d281bbd614b05954e715119ffb4e24b0 -> 
  custom:scripting/monoscript/fileName/TCP2_MaterialInspector_PBS_SG.cs: 854a75f3d615b0c507e87b45b4a3c6d0 -> 
  custom:scripting/monoscript/fileName/TCP2_Menu.cs: 88e64115b36f2d5f17b21666c38f240d -> 
  custom:scripting/monoscript/fileName/TCP2_Demo_Interactive_Environment.cs: 08147bc20b048c5b5aea073f2107a938 -> 
  custom:scripting/monoscript/fileName/Config.cs: fae96f2b91a511890105fb9b95d24d0b -> 
  custom:scripting/monoscript/fileName/TCP2_CameraDepth.cs: 78d341a8ab5c83f87f48439841cfe550 -> 
  custom:container-muxer-webm: aa71ff27fc2769a1b78a27578f13a17b -> 
  custom:video-decoder-webm-vp8: 9c59270c3fd7afecdb556c50c9e8de78 -> 
  custom:scripting/monoscript/fileName/TCP2_Demo_AnimateMaterial.cs: 36cd3afdb13edf651922a70330252de1 -> 
  custom:scripting/monoscript/fileName/TCP2_ShaderUpdateUnityTime_Editor.cs: c0adbd8b2cef361b0d030b13795a28f1 -> 
  custom:SearchIndexIgnoredProperties: e643bd26f0fe6173181afceb89e7c659 -> 
  custom:scripting/monoscript/fileName/TCP2_ShaderGenerator.UIFeatures.cs: 1d2933bc56d7311d0449931f9ae688f2 -> 
  custom:AudioImporter_EditorPlatform: d09bf68614088b80899f8185d706f6e7 -> 
  custom:scripting/monoscript/fileName/Serialization.cs: a597a656351bb23afb778cbe20ff24fa -> dd6acf6845fbd366eebfbdc457fca7bf
  custom:scripting/monoscript/fileName/TCP2_MaterialInspector_SurfacePBS_SG.cs: 88b6aab46ec263e3f285a8b01039276b -> 
  custom:scripting/monoscript/fileName/BloomGraphDrawer.cs: 9600e9f64d67dabab17944976945a2fa -> 
  custom:scripting/monoscript/fileName/TCP2_ShaderUpdateUnityTime.cs: 61bb3190525b24acadb5199bc561b249 -> 
  custom:scripting/monoscript/fileName/TCP2_PlanarReflection.cs: 09ded59f42b98316a095fe201bedfef7 -> 
  custom:scripting/monoscript/fileName/TCP2_RampGenerator.cs: eaec3e604e38ce2a529b64230727e120 -> 
  custom:scripting/monoscript/fileName/SGUILayout.cs: 9a748d27fc237893445b0be72a0a383e -> 
  custom:scripting/monoscript/fileName/ShaderGenerator2.cs: e5295c95a591168ca7cb39a3ade1c16c -> 
  custom:scripting/monoscript/fileName/TCP2_MaterialInspector_SG.cs: 831645fb097b4502f2682dac3160ce44 -> 
  custom:scripting/monoscript/fileName/ShaderProperty.CustomMaterialProperty.cs: bc66a2637169b9e3b0a7518af3f83ec8 -> 
  custom:scripting/monoscript/fileName/TCP2_Demo_Camera.cs: cb4db1febccc2c4e09ec7a6d23187ea7 -> 
  custom:scripting/monoscript/fileName/TCP2_Demo_View.cs: 7e6099098a9785fde276519acfef40f1 -> 
  custom:scripting/monoscript/fileName/TCP2_Config.cs: f4d22248fc55d9b99738808a615b972c -> 
  custom:video-encoder-webm-vp8: eb34c28f22e8b96e1ab97ce403110664 -> 
  custom:scripting/monoscript/fileName/TCP2_MaterialInspector.cs: 1f5ad91034ee25bbec41e2eeabf5a3bd -> 
  custom:scripting/monoscript/fileName/TCP2_GetPosOnWater.cs: 09fece8a0755d1b11f9fdf3eb77dcbc0 -> 
  custom:scripting/monoscript/fileName/Bloom.cs: e82d119aa2efdcbdd1539124121b585d -> 6f6d579a64201b97313a62a1e91b3575
  custom:audio-decoder-ogg-vorbis: bf7c407c2cedff20999df2af8eb42d56 -> 
  custom:scripting/monoscript/fileName/ShaderProperty.cs: 82bb21d4405e65966350eb3cb56ff024 -> 
  custom:scripting/monoscript/fileName/ShaderProperty.Implementations.cs: 832c102de82f04cdc65de110fef55bbe -> 
  custom:scripting/monoscript/fileName/GlobalOptions.cs: fe6494fa426a8040736381ebbdd122c8 -> 
  custom:scripting/monoscript/fileName/TCP2_OutlineInspector.cs: 65523a4924160d9a16e9359205373c7a -> 
  custom:scripting/monoscript/fileName/TCP2_ExpressionParser.cs: 2d12153f030e7001c6e8dd49a9c830ab -> 
  custom:scripting/monoscript/fileName/TCP2_MaterialInspector_PBS.cs: 6b7e84d2fcbb320e53bf430f9d42cf27 -> 
  custom:scripting/monoscript/fileName/TCP2_SmoothedNormalsUtility.cs: d0c50f866cd0458673f04524aac330ab -> 
  custom:scripting/monoscript/fileName/CodeInjection.cs: 53eca25ffbc932bdcc2f182b3a74b3ef -> 
  custom:scripting/monoscript/fileName/BloomEditor.cs: a48a482d8411f395a95a3ae16e7ee54d -> c341bb26b40744c3a5c2a142ac3e1051
  custom:scripting/monoscript/fileName/TCP2_Demo_PBS.cs: bf0261dde914e2ef482e8008955d4b0e -> 
  custom:audio-encoder-webm-vorbis: bf7c407c2cedff20999df2af8eb42d56 -> 
  custom:scripting/monoscript/fileName/Template.cs: 955ddae9cda1c5cb75f6ed421335be29 -> 
  custom:scripting/monoscript/fileName/Module.cs: 778e7a9ccb860ce5ee06b85a41592eb7 -> 9cffc223e3cf6968fcbc7ffa33b894e5
========================================================================
Received Prepare
Caller must complete domain reload
Begin MonoManager ReloadAssembly
- Loaded All Assemblies, in  0.298 seconds
Native extension for WindowsStandalone target not found
Native extension for Android target not found
Native extension for WebGL target not found
Mono: successfully reloaded assembly
- Finished resetting the current domain, in  0.735 seconds
Domain Reload Profiling: 1033ms
	BeginReloadAssembly (118ms)
		ExecutionOrderSort (0ms)
		DisableScriptedObjects (5ms)
		BackupInstance (0ms)
		ReleaseScriptingObjects (0ms)
		CreateAndSetChildDomain (29ms)
	RebuildCommonClasses (23ms)
	RebuildNativeTypeToScriptingClass (7ms)
	initialDomainReloadingComplete (15ms)
	LoadAllAssembliesAndSetupDomain (134ms)
		LoadAssemblies (180ms)
		RebuildTransferFunctionScriptingTraits (0ms)
		AnalyzeDomain (12ms)
			TypeCache.Refresh (4ms)
				TypeCache.ScanAssembly (0ms)
			ScanForSourceGeneratedMonoScriptInfo (0ms)
			ResolveRequiredComponents (5ms)
	FinalizeReload (736ms)
		ReleaseScriptCaches (0ms)
		RebuildScriptCaches (0ms)
		SetupLoadedEditorAssemblies (375ms)
			LogAssemblyErrors (0ms)
			InitializePlatformSupportModulesInManaged (11ms)
			SetLoadedEditorAssemblies (3ms)
			RefreshPlugins (0ms)
			BeforeProcessingInitializeOnLoad (43ms)
			ProcessInitializeOnLoadAttributes (292ms)
			ProcessInitializeOnLoadMethodAttributes (23ms)
			AfterProcessingInitializeOnLoad (3ms)
			EditorAssembliesLoaded (0ms)
		ExecutionOrderSort2 (0ms)
		AwakeInstancesAfterBackupRestoration (8ms)
Refreshing native plugins compatible for Editor in 2.50 ms, found 3 plugins.
Preloading 0 native plugins for Editor in 0.00 ms.
Unloading 3443 Unused Serialized files (Serialized files now loaded: 0)
Unloading 26 unused Assets / (195.4 KB). Loaded Objects now: 4072.
Memory consumption went from 131.5 MB to 131.3 MB.
Total: 7.294400 ms (FindLiveObjects: 1.385900 ms CreateObjectMapping: 0.374800 ms MarkObjects: 5.415200 ms  DeleteObjects: 0.115900 ms)

Prepare: number of updated asset objects reloaded= 0
AssetImportParameters requested are different than current active one (requested -> active):
  custom:scripting/monoscript/fileName/TCP2_GradientManager.cs: fcc0eade98cac5b7275979695df635bb -> 
  custom:scripting/monoscript/fileName/MaterialInspector_SG2.cs: 8e87db41a3a0c328381e02b96642d5ed -> 
  custom:container-demuxer-ogg: 62fdf1f143b41e24485cea50d1cbac27 -> 
  custom:scripting/monoscript/fileName/TCP2_ShaderGeneratorUtils.cs: 60f19fd12c7e608165239da51b7c9347 -> 
  custom:scripting/monoscript/fileName/MaterialInspector_Hybrid.cs: dd0479f081972fc1bd8117e9b8a3c19c -> 
  custom:scripting/monoscript/fileName/UIFeatures.cs: 4fdc490df447934db2a1c1930602ea90 -> 
  custom:video-codec-MediaFoundation-h265: 746d11721c4dcdbdad8f713fa42b33f4 -> 
  custom:video-decoder-ogg-theora: a1e56fd34408186e4bbccfd4996cb3dc -> 
  custom:scripting/monoscript/fileName/TCP2_GetPosOnWater_Editor.cs: f070524cbf80cc182ddafc23e9b0c865 -> 
  custom:framework-win-MediaFoundation: 216162199b28c13a410421893ffa2e32 -> 
  custom:scripting/monoscript/fileName/TCP2_Demo_GammaLinear.cs: b35f68aa1d552cb4d1a4ec6c926c0f0b -> 
  custom:scripting/monoscript/fileName/TCP2_GUI.cs: 1338930458367abb0020a550450a40ac -> 
  custom:scripting/monoscript/fileName/TCP2_Demo_Interactive.cs: c0fc773abdf677858f2b632324822fc1 -> 
  custom:scripting/monoscript/fileName/TCP2_Demo_Interactive_Content.cs: af5c3adfbee3ee106cc636b55f10baea -> 
  custom:scripting/monoscript/fileName/TCP2_RuntimeUtils.cs: 6234d1c0df7a9f06c3c188e83442ae85 -> 
  custom:scripting/monoscript/fileName/TCP2_Demo_InvertedMaskImage.cs: ffd3558dbe2bfe9f162715877425f894 -> 
  custom:scripting/monoscript/fileName/ReorderableLayoutList.cs: 9ba7bd4c991c73731c821315ffcd1d38 -> 
  custom:scripting/monoscript/fileName/TCP2_Demo.cs: f66526b53badb7ad665229520cd3259d -> 
  custom:CustomObjectIndexerAttribute: 9a22284fe3817be447336de3de66b15e -> 
  custom:scripting/monoscript/fileName/TCP2_Demo_PBS_View.cs: c54dfb82e8364e406c25d94e7503bb47 -> 
  custom:scripting/monoscript/fileName/Tooltip.cs: 6d98b883b77bd4eb3be7c69498228e5b -> efbd10c978725fde614599dc839eb715
  custom:scripting/monoscript/fileName/TCP2_Demo_Cat.cs: ddce114892a3e78f308d54f7c0d40e51 -> 
  custom:container-demuxer-webm: 4f35f7cbe854078d1ac9338744f61a02 -> 
  custom:scripting/monoscript/fileName/TCP2_Demo_AutoRotate.cs: 0567dee0421ae0886b132939e2b454c8 -> 
  custom:scripting/monoscript/fileName/TCP2_Utils.cs: d281bbd614b05954e715119ffb4e24b0 -> 
  custom:scripting/monoscript/fileName/TCP2_MaterialInspector_PBS_SG.cs: 854a75f3d615b0c507e87b45b4a3c6d0 -> 
  custom:scripting/monoscript/fileName/TCP2_Menu.cs: 88e64115b36f2d5f17b21666c38f240d -> 
  custom:scripting/monoscript/fileName/TCP2_Demo_Interactive_Environment.cs: 08147bc20b048c5b5aea073f2107a938 -> 
  custom:scripting/monoscript/fileName/Config.cs: fae96f2b91a511890105fb9b95d24d0b -> 
  custom:scripting/monoscript/fileName/TCP2_CameraDepth.cs: 78d341a8ab5c83f87f48439841cfe550 -> 
  custom:container-muxer-webm: aa71ff27fc2769a1b78a27578f13a17b -> 
  custom:video-decoder-webm-vp8: 9c59270c3fd7afecdb556c50c9e8de78 -> 
  custom:scripting/monoscript/fileName/TCP2_Demo_AnimateMaterial.cs: 36cd3afdb13edf651922a70330252de1 -> 
  custom:scripting/monoscript/fileName/TCP2_ShaderUpdateUnityTime_Editor.cs: c0adbd8b2cef361b0d030b13795a28f1 -> 
  custom:SearchIndexIgnoredProperties: e643bd26f0fe6173181afceb89e7c659 -> 
  custom:scripting/monoscript/fileName/TCP2_ShaderGenerator.UIFeatures.cs: 1d2933bc56d7311d0449931f9ae688f2 -> 
  custom:AudioImporter_EditorPlatform: d09bf68614088b80899f8185d706f6e7 -> 
  custom:scripting/monoscript/fileName/Serialization.cs: a597a656351bb23afb778cbe20ff24fa -> dd6acf6845fbd366eebfbdc457fca7bf
  custom:scripting/monoscript/fileName/TCP2_MaterialInspector_SurfacePBS_SG.cs: 88b6aab46ec263e3f285a8b01039276b -> 
  custom:scripting/monoscript/fileName/BloomGraphDrawer.cs: 9600e9f64d67dabab17944976945a2fa -> 
  custom:scripting/monoscript/fileName/TCP2_ShaderUpdateUnityTime.cs: 61bb3190525b24acadb5199bc561b249 -> 
  custom:scripting/monoscript/fileName/TCP2_PlanarReflection.cs: 09ded59f42b98316a095fe201bedfef7 -> 
  custom:scripting/monoscript/fileName/TCP2_RampGenerator.cs: eaec3e604e38ce2a529b64230727e120 -> 
  custom:scripting/monoscript/fileName/SGUILayout.cs: 9a748d27fc237893445b0be72a0a383e -> 
  custom:scripting/monoscript/fileName/ShaderGenerator2.cs: e5295c95a591168ca7cb39a3ade1c16c -> 
  custom:scripting/monoscript/fileName/TCP2_MaterialInspector_SG.cs: 831645fb097b4502f2682dac3160ce44 -> 
  custom:scripting/monoscript/fileName/ShaderProperty.CustomMaterialProperty.cs: bc66a2637169b9e3b0a7518af3f83ec8 -> 
  custom:scripting/monoscript/fileName/TCP2_Demo_Camera.cs: cb4db1febccc2c4e09ec7a6d23187ea7 -> 
  custom:scripting/monoscript/fileName/TCP2_Demo_View.cs: 7e6099098a9785fde276519acfef40f1 -> 
  custom:scripting/monoscript/fileName/TCP2_Config.cs: f4d22248fc55d9b99738808a615b972c -> 
  custom:video-encoder-webm-vp8: eb34c28f22e8b96e1ab97ce403110664 -> 
  custom:scripting/monoscript/fileName/TCP2_MaterialInspector.cs: 1f5ad91034ee25bbec41e2eeabf5a3bd -> 
  custom:scripting/monoscript/fileName/TCP2_GetPosOnWater.cs: 09fece8a0755d1b11f9fdf3eb77dcbc0 -> 
  custom:scripting/monoscript/fileName/Bloom.cs: e82d119aa2efdcbdd1539124121b585d -> 6f6d579a64201b97313a62a1e91b3575
  custom:audio-decoder-ogg-vorbis: bf7c407c2cedff20999df2af8eb42d56 -> 
  custom:scripting/monoscript/fileName/ShaderProperty.cs: 82bb21d4405e65966350eb3cb56ff024 -> 
  custom:scripting/monoscript/fileName/ShaderProperty.Implementations.cs: 832c102de82f04cdc65de110fef55bbe -> 
  custom:scripting/monoscript/fileName/GlobalOptions.cs: fe6494fa426a8040736381ebbdd122c8 -> 
  custom:scripting/monoscript/fileName/TCP2_OutlineInspector.cs: 65523a4924160d9a16e9359205373c7a -> 
  custom:scripting/monoscript/fileName/TCP2_ExpressionParser.cs: 2d12153f030e7001c6e8dd49a9c830ab -> 
  custom:scripting/monoscript/fileName/TCP2_MaterialInspector_PBS.cs: 6b7e84d2fcbb320e53bf430f9d42cf27 -> 
  custom:scripting/monoscript/fileName/TCP2_SmoothedNormalsUtility.cs: d0c50f866cd0458673f04524aac330ab -> 
  custom:scripting/monoscript/fileName/CodeInjection.cs: 53eca25ffbc932bdcc2f182b3a74b3ef -> 
  custom:scripting/monoscript/fileName/BloomEditor.cs: a48a482d8411f395a95a3ae16e7ee54d -> c341bb26b40744c3a5c2a142ac3e1051
  custom:scripting/monoscript/fileName/TCP2_Demo_PBS.cs: bf0261dde914e2ef482e8008955d4b0e -> 
  custom:audio-encoder-webm-vorbis: bf7c407c2cedff20999df2af8eb42d56 -> 
  custom:scripting/monoscript/fileName/Template.cs: 955ddae9cda1c5cb75f6ed421335be29 -> 
  custom:scripting/monoscript/fileName/Module.cs: 778e7a9ccb860ce5ee06b85a41592eb7 -> 9cffc223e3cf6968fcbc7ffa33b894e5
========================================================================
Received Prepare
Caller must complete domain reload
Begin MonoManager ReloadAssembly
- Loaded All Assemblies, in  0.291 seconds
Native extension for WindowsStandalone target not found
Native extension for Android target not found
Native extension for WebGL target not found
Mono: successfully reloaded assembly
- Finished resetting the current domain, in  0.649 seconds
Domain Reload Profiling: 940ms
	BeginReloadAssembly (109ms)
		ExecutionOrderSort (0ms)
		DisableScriptedObjects (3ms)
		BackupInstance (0ms)
		ReleaseScriptingObjects (0ms)
		CreateAndSetChildDomain (28ms)
	RebuildCommonClasses (20ms)
	RebuildNativeTypeToScriptingClass (8ms)
	initialDomainReloadingComplete (21ms)
	LoadAllAssembliesAndSetupDomain (134ms)
		LoadAssemblies (178ms)
		RebuildTransferFunctionScriptingTraits (0ms)
		AnalyzeDomain (9ms)
			TypeCache.Refresh (3ms)
				TypeCache.ScanAssembly (0ms)
			ScanForSourceGeneratedMonoScriptInfo (0ms)
			ResolveRequiredComponents (4ms)
	FinalizeReload (650ms)
		ReleaseScriptCaches (0ms)
		RebuildScriptCaches (0ms)
		SetupLoadedEditorAssemblies (320ms)
			LogAssemblyErrors (0ms)
			InitializePlatformSupportModulesInManaged (15ms)
			SetLoadedEditorAssemblies (4ms)
			RefreshPlugins (0ms)
			BeforeProcessingInitializeOnLoad (39ms)
			ProcessInitializeOnLoadAttributes (240ms)
			ProcessInitializeOnLoadMethodAttributes (20ms)
			AfterProcessingInitializeOnLoad (2ms)
			EditorAssembliesLoaded (0ms)
		ExecutionOrderSort2 (0ms)
		AwakeInstancesAfterBackupRestoration (6ms)
Refreshing native plugins compatible for Editor in 1.83 ms, found 3 plugins.
Preloading 0 native plugins for Editor in 0.00 ms.
Unloading 3443 Unused Serialized files (Serialized files now loaded: 0)
Unloading 26 unused Assets / (195.4 KB). Loaded Objects now: 4076.
Memory consumption went from 131.5 MB to 131.3 MB.
Total: 6.294300 ms (FindLiveObjects: 0.735200 ms CreateObjectMapping: 0.104900 ms MarkObjects: 5.259800 ms  DeleteObjects: 0.191400 ms)

Prepare: number of updated asset objects reloaded= 0
AssetImportParameters requested are different than current active one (requested -> active):
  custom:scripting/monoscript/fileName/TCP2_GradientManager.cs: fcc0eade98cac5b7275979695df635bb -> 
  custom:scripting/monoscript/fileName/MaterialInspector_SG2.cs: 8e87db41a3a0c328381e02b96642d5ed -> 
  custom:container-demuxer-ogg: 62fdf1f143b41e24485cea50d1cbac27 -> 
  custom:scripting/monoscript/fileName/TCP2_ShaderGeneratorUtils.cs: 60f19fd12c7e608165239da51b7c9347 -> 
  custom:scripting/monoscript/fileName/MaterialInspector_Hybrid.cs: dd0479f081972fc1bd8117e9b8a3c19c -> 
  custom:scripting/monoscript/fileName/UIFeatures.cs: 4fdc490df447934db2a1c1930602ea90 -> 
  custom:video-codec-MediaFoundation-h265: 746d11721c4dcdbdad8f713fa42b33f4 -> 
  custom:video-decoder-ogg-theora: a1e56fd34408186e4bbccfd4996cb3dc -> 
  custom:scripting/monoscript/fileName/TCP2_GetPosOnWater_Editor.cs: f070524cbf80cc182ddafc23e9b0c865 -> 
  custom:framework-win-MediaFoundation: 216162199b28c13a410421893ffa2e32 -> 
  custom:scripting/monoscript/fileName/TCP2_Demo_GammaLinear.cs: b35f68aa1d552cb4d1a4ec6c926c0f0b -> 
  custom:scripting/monoscript/fileName/TCP2_GUI.cs: 1338930458367abb0020a550450a40ac -> 
  custom:scripting/monoscript/fileName/TCP2_Demo_Interactive.cs: c0fc773abdf677858f2b632324822fc1 -> 
  custom:scripting/monoscript/fileName/TCP2_Demo_Interactive_Content.cs: af5c3adfbee3ee106cc636b55f10baea -> 
  custom:scripting/monoscript/fileName/TCP2_RuntimeUtils.cs: 6234d1c0df7a9f06c3c188e83442ae85 -> 
  custom:scripting/monoscript/fileName/TCP2_Demo_InvertedMaskImage.cs: ffd3558dbe2bfe9f162715877425f894 -> 
  custom:scripting/monoscript/fileName/ReorderableLayoutList.cs: 9ba7bd4c991c73731c821315ffcd1d38 -> 
  custom:scripting/monoscript/fileName/TCP2_Demo.cs: f66526b53badb7ad665229520cd3259d -> 
  custom:CustomObjectIndexerAttribute: 9a22284fe3817be447336de3de66b15e -> 
  custom:scripting/monoscript/fileName/TCP2_Demo_PBS_View.cs: c54dfb82e8364e406c25d94e7503bb47 -> 
  custom:scripting/monoscript/fileName/Tooltip.cs: 6d98b883b77bd4eb3be7c69498228e5b -> efbd10c978725fde614599dc839eb715
  custom:scripting/monoscript/fileName/TCP2_Demo_Cat.cs: ddce114892a3e78f308d54f7c0d40e51 -> 
  custom:container-demuxer-webm: 4f35f7cbe854078d1ac9338744f61a02 -> 
  custom:scripting/monoscript/fileName/TCP2_Demo_AutoRotate.cs: 0567dee0421ae0886b132939e2b454c8 -> 
  custom:scripting/monoscript/fileName/TCP2_Utils.cs: d281bbd614b05954e715119ffb4e24b0 -> 
  custom:scripting/monoscript/fileName/TCP2_MaterialInspector_PBS_SG.cs: 854a75f3d615b0c507e87b45b4a3c6d0 -> 
  custom:scripting/monoscript/fileName/TCP2_Menu.cs: 88e64115b36f2d5f17b21666c38f240d -> 
  custom:scripting/monoscript/fileName/TCP2_Demo_Interactive_Environment.cs: 08147bc20b048c5b5aea073f2107a938 -> 
  custom:scripting/monoscript/fileName/Config.cs: fae96f2b91a511890105fb9b95d24d0b -> 
  custom:scripting/monoscript/fileName/TCP2_CameraDepth.cs: 78d341a8ab5c83f87f48439841cfe550 -> 
  custom:container-muxer-webm: aa71ff27fc2769a1b78a27578f13a17b -> 
  custom:video-decoder-webm-vp8: 9c59270c3fd7afecdb556c50c9e8de78 -> 
  custom:scripting/monoscript/fileName/TCP2_Demo_AnimateMaterial.cs: 36cd3afdb13edf651922a70330252de1 -> 
  custom:scripting/monoscript/fileName/TCP2_ShaderUpdateUnityTime_Editor.cs: c0adbd8b2cef361b0d030b13795a28f1 -> 
  custom:SearchIndexIgnoredProperties: e643bd26f0fe6173181afceb89e7c659 -> 
  custom:scripting/monoscript/fileName/TCP2_ShaderGenerator.UIFeatures.cs: 1d2933bc56d7311d0449931f9ae688f2 -> 
  custom:AudioImporter_EditorPlatform: d09bf68614088b80899f8185d706f6e7 -> 
  custom:scripting/monoscript/fileName/Serialization.cs: a597a656351bb23afb778cbe20ff24fa -> dd6acf6845fbd366eebfbdc457fca7bf
  custom:scripting/monoscript/fileName/TCP2_MaterialInspector_SurfacePBS_SG.cs: 88b6aab46ec263e3f285a8b01039276b -> 
  custom:scripting/monoscript/fileName/BloomGraphDrawer.cs: 9600e9f64d67dabab17944976945a2fa -> 
  custom:scripting/monoscript/fileName/TCP2_ShaderUpdateUnityTime.cs: 61bb3190525b24acadb5199bc561b249 -> 
  custom:scripting/monoscript/fileName/TCP2_PlanarReflection.cs: 09ded59f42b98316a095fe201bedfef7 -> 
  custom:scripting/monoscript/fileName/TCP2_RampGenerator.cs: eaec3e604e38ce2a529b64230727e120 -> 
  custom:scripting/monoscript/fileName/SGUILayout.cs: 9a748d27fc237893445b0be72a0a383e -> 
  custom:scripting/monoscript/fileName/ShaderGenerator2.cs: e5295c95a591168ca7cb39a3ade1c16c -> 
  custom:scripting/monoscript/fileName/TCP2_MaterialInspector_SG.cs: 831645fb097b4502f2682dac3160ce44 -> 
  custom:scripting/monoscript/fileName/ShaderProperty.CustomMaterialProperty.cs: bc66a2637169b9e3b0a7518af3f83ec8 -> 
  custom:scripting/monoscript/fileName/TCP2_Demo_Camera.cs: cb4db1febccc2c4e09ec7a6d23187ea7 -> 
  custom:scripting/monoscript/fileName/TCP2_Demo_View.cs: 7e6099098a9785fde276519acfef40f1 -> 
  custom:scripting/monoscript/fileName/TCP2_Config.cs: f4d22248fc55d9b99738808a615b972c -> 
  custom:video-encoder-webm-vp8: eb34c28f22e8b96e1ab97ce403110664 -> 
  custom:scripting/monoscript/fileName/TCP2_MaterialInspector.cs: 1f5ad91034ee25bbec41e2eeabf5a3bd -> 
  custom:scripting/monoscript/fileName/TCP2_GetPosOnWater.cs: 09fece8a0755d1b11f9fdf3eb77dcbc0 -> 
  custom:scripting/monoscript/fileName/Bloom.cs: e82d119aa2efdcbdd1539124121b585d -> 6f6d579a64201b97313a62a1e91b3575
  custom:audio-decoder-ogg-vorbis: bf7c407c2cedff20999df2af8eb42d56 -> 
  custom:scripting/monoscript/fileName/ShaderProperty.cs: 82bb21d4405e65966350eb3cb56ff024 -> 
  custom:scripting/monoscript/fileName/ShaderProperty.Implementations.cs: 832c102de82f04cdc65de110fef55bbe -> 
  custom:scripting/monoscript/fileName/GlobalOptions.cs: fe6494fa426a8040736381ebbdd122c8 -> 
  custom:scripting/monoscript/fileName/TCP2_OutlineInspector.cs: 65523a4924160d9a16e9359205373c7a -> 
  custom:scripting/monoscript/fileName/TCP2_ExpressionParser.cs: 2d12153f030e7001c6e8dd49a9c830ab -> 
  custom:scripting/monoscript/fileName/TCP2_MaterialInspector_PBS.cs: 6b7e84d2fcbb320e53bf430f9d42cf27 -> 
  custom:scripting/monoscript/fileName/TCP2_SmoothedNormalsUtility.cs: d0c50f866cd0458673f04524aac330ab -> 
  custom:scripting/monoscript/fileName/CodeInjection.cs: 53eca25ffbc932bdcc2f182b3a74b3ef -> 
  custom:scripting/monoscript/fileName/BloomEditor.cs: a48a482d8411f395a95a3ae16e7ee54d -> c341bb26b40744c3a5c2a142ac3e1051
  custom:scripting/monoscript/fileName/TCP2_Demo_PBS.cs: bf0261dde914e2ef482e8008955d4b0e -> 
  custom:audio-encoder-webm-vorbis: bf7c407c2cedff20999df2af8eb42d56 -> 
  custom:scripting/monoscript/fileName/Template.cs: 955ddae9cda1c5cb75f6ed421335be29 -> 
  custom:scripting/monoscript/fileName/Module.cs: 778e7a9ccb860ce5ee06b85a41592eb7 -> 9cffc223e3cf6968fcbc7ffa33b894e5
========================================================================
Received Prepare
Caller must complete domain reload
Begin MonoManager ReloadAssembly
- Loaded All Assemblies, in  0.314 seconds
Native extension for WindowsStandalone target not found
Native extension for Android target not found
Native extension for WebGL target not found
Mono: successfully reloaded assembly
- Finished resetting the current domain, in  0.630 seconds
Domain Reload Profiling: 944ms
	BeginReloadAssembly (117ms)
		ExecutionOrderSort (0ms)
		DisableScriptedObjects (3ms)
		BackupInstance (0ms)
		ReleaseScriptingObjects (0ms)
		CreateAndSetChildDomain (28ms)
	RebuildCommonClasses (25ms)
	RebuildNativeTypeToScriptingClass (10ms)
	initialDomainReloadingComplete (21ms)
	LoadAllAssembliesAndSetupDomain (141ms)
		LoadAssemblies (190ms)
		RebuildTransferFunctionScriptingTraits (0ms)
		AnalyzeDomain (12ms)
			TypeCache.Refresh (5ms)
				TypeCache.ScanAssembly (0ms)
			ScanForSourceGeneratedMonoScriptInfo (0ms)
			ResolveRequiredComponents (5ms)
	FinalizeReload (630ms)
		ReleaseScriptCaches (0ms)
		RebuildScriptCaches (0ms)
		SetupLoadedEditorAssemblies (302ms)
			LogAssemblyErrors (0ms)
			InitializePlatformSupportModulesInManaged (10ms)
			SetLoadedEditorAssemblies (3ms)
			RefreshPlugins (0ms)
			BeforeProcessingInitializeOnLoad (47ms)
			ProcessInitializeOnLoadAttributes (225ms)
			ProcessInitializeOnLoadMethodAttributes (15ms)
			AfterProcessingInitializeOnLoad (2ms)
			EditorAssembliesLoaded (0ms)
		ExecutionOrderSort2 (0ms)
		AwakeInstancesAfterBackupRestoration (7ms)
Refreshing native plugins compatible for Editor in 2.51 ms, found 3 plugins.
Preloading 0 native plugins for Editor in 0.00 ms.
Unloading 3443 Unused Serialized files (Serialized files now loaded: 0)
Unloading 26 unused Assets / (195.4 KB). Loaded Objects now: 4080.
Memory consumption went from 131.5 MB to 131.4 MB.
Total: 6.092600 ms (FindLiveObjects: 0.574200 ms CreateObjectMapping: 0.153800 ms MarkObjects: 5.068300 ms  DeleteObjects: 0.295300 ms)

Prepare: number of updated asset objects reloaded= 0
AssetImportParameters requested are different than current active one (requested -> active):
  custom:scripting/monoscript/fileName/TCP2_GradientManager.cs: fcc0eade98cac5b7275979695df635bb -> 
  custom:scripting/monoscript/fileName/MaterialInspector_SG2.cs: 8e87db41a3a0c328381e02b96642d5ed -> 
  custom:container-demuxer-ogg: 62fdf1f143b41e24485cea50d1cbac27 -> 
  custom:scripting/monoscript/fileName/TCP2_ShaderGeneratorUtils.cs: 60f19fd12c7e608165239da51b7c9347 -> 
  custom:scripting/monoscript/fileName/MaterialInspector_Hybrid.cs: dd0479f081972fc1bd8117e9b8a3c19c -> 
  custom:scripting/monoscript/fileName/UIFeatures.cs: 4fdc490df447934db2a1c1930602ea90 -> 
  custom:video-codec-MediaFoundation-h265: 746d11721c4dcdbdad8f713fa42b33f4 -> 
  custom:video-decoder-ogg-theora: a1e56fd34408186e4bbccfd4996cb3dc -> 
  custom:scripting/monoscript/fileName/TCP2_GetPosOnWater_Editor.cs: f070524cbf80cc182ddafc23e9b0c865 -> 
  custom:framework-win-MediaFoundation: 216162199b28c13a410421893ffa2e32 -> 
  custom:scripting/monoscript/fileName/TCP2_Demo_GammaLinear.cs: b35f68aa1d552cb4d1a4ec6c926c0f0b -> 
  custom:scripting/monoscript/fileName/TCP2_GUI.cs: 1338930458367abb0020a550450a40ac -> 
  custom:scripting/monoscript/fileName/TCP2_Demo_Interactive.cs: c0fc773abdf677858f2b632324822fc1 -> 
  custom:scripting/monoscript/fileName/TCP2_Demo_Interactive_Content.cs: af5c3adfbee3ee106cc636b55f10baea -> 
  custom:scripting/monoscript/fileName/TCP2_RuntimeUtils.cs: 6234d1c0df7a9f06c3c188e83442ae85 -> 
  custom:scripting/monoscript/fileName/TCP2_Demo_InvertedMaskImage.cs: ffd3558dbe2bfe9f162715877425f894 -> 
  custom:scripting/monoscript/fileName/ReorderableLayoutList.cs: 9ba7bd4c991c73731c821315ffcd1d38 -> 
  custom:scripting/monoscript/fileName/TCP2_Demo.cs: f66526b53badb7ad665229520cd3259d -> 
  custom:CustomObjectIndexerAttribute: 9a22284fe3817be447336de3de66b15e -> 
  custom:scripting/monoscript/fileName/TCP2_Demo_PBS_View.cs: c54dfb82e8364e406c25d94e7503bb47 -> 
  custom:scripting/monoscript/fileName/Tooltip.cs: 6d98b883b77bd4eb3be7c69498228e5b -> efbd10c978725fde614599dc839eb715
  custom:scripting/monoscript/fileName/TCP2_Demo_Cat.cs: ddce114892a3e78f308d54f7c0d40e51 -> 
  custom:container-demuxer-webm: 4f35f7cbe854078d1ac9338744f61a02 -> 
  custom:scripting/monoscript/fileName/TCP2_Demo_AutoRotate.cs: 0567dee0421ae0886b132939e2b454c8 -> 
  custom:scripting/monoscript/fileName/TCP2_Utils.cs: d281bbd614b05954e715119ffb4e24b0 -> 
  custom:scripting/monoscript/fileName/TCP2_MaterialInspector_PBS_SG.cs: 854a75f3d615b0c507e87b45b4a3c6d0 -> 
  custom:scripting/monoscript/fileName/TCP2_Menu.cs: 88e64115b36f2d5f17b21666c38f240d -> 
  custom:scripting/monoscript/fileName/TCP2_Demo_Interactive_Environment.cs: 08147bc20b048c5b5aea073f2107a938 -> 
  custom:scripting/monoscript/fileName/Config.cs: fae96f2b91a511890105fb9b95d24d0b -> 
  custom:scripting/monoscript/fileName/TCP2_CameraDepth.cs: 78d341a8ab5c83f87f48439841cfe550 -> 
  custom:container-muxer-webm: aa71ff27fc2769a1b78a27578f13a17b -> 
  custom:video-decoder-webm-vp8: 9c59270c3fd7afecdb556c50c9e8de78 -> 
  custom:scripting/monoscript/fileName/TCP2_Demo_AnimateMaterial.cs: 36cd3afdb13edf651922a70330252de1 -> 
  custom:scripting/monoscript/fileName/TCP2_ShaderUpdateUnityTime_Editor.cs: c0adbd8b2cef361b0d030b13795a28f1 -> 
  custom:SearchIndexIgnoredProperties: e643bd26f0fe6173181afceb89e7c659 -> 
  custom:scripting/monoscript/fileName/TCP2_ShaderGenerator.UIFeatures.cs: 1d2933bc56d7311d0449931f9ae688f2 -> 
  custom:AudioImporter_EditorPlatform: d09bf68614088b80899f8185d706f6e7 -> 
  custom:scripting/monoscript/fileName/Serialization.cs: a597a656351bb23afb778cbe20ff24fa -> dd6acf6845fbd366eebfbdc457fca7bf
  custom:scripting/monoscript/fileName/TCP2_MaterialInspector_SurfacePBS_SG.cs: 88b6aab46ec263e3f285a8b01039276b -> 
  custom:scripting/monoscript/fileName/BloomGraphDrawer.cs: 9600e9f64d67dabab17944976945a2fa -> 
  custom:scripting/monoscript/fileName/TCP2_ShaderUpdateUnityTime.cs: 61bb3190525b24acadb5199bc561b249 -> 
  custom:scripting/monoscript/fileName/TCP2_PlanarReflection.cs: 09ded59f42b98316a095fe201bedfef7 -> 
  custom:scripting/monoscript/fileName/TCP2_RampGenerator.cs: eaec3e604e38ce2a529b64230727e120 -> 
  custom:scripting/monoscript/fileName/SGUILayout.cs: 9a748d27fc237893445b0be72a0a383e -> 
  custom:scripting/monoscript/fileName/ShaderGenerator2.cs: e5295c95a591168ca7cb39a3ade1c16c -> 
  custom:scripting/monoscript/fileName/TCP2_MaterialInspector_SG.cs: 831645fb097b4502f2682dac3160ce44 -> 
  custom:scripting/monoscript/fileName/ShaderProperty.CustomMaterialProperty.cs: bc66a2637169b9e3b0a7518af3f83ec8 -> 
  custom:scripting/monoscript/fileName/TCP2_Demo_Camera.cs: cb4db1febccc2c4e09ec7a6d23187ea7 -> 
  custom:scripting/monoscript/fileName/TCP2_Demo_View.cs: 7e6099098a9785fde276519acfef40f1 -> 
  custom:scripting/monoscript/fileName/TCP2_Config.cs: f4d22248fc55d9b99738808a615b972c -> 
  custom:video-encoder-webm-vp8: eb34c28f22e8b96e1ab97ce403110664 -> 
  custom:scripting/monoscript/fileName/TCP2_MaterialInspector.cs: 1f5ad91034ee25bbec41e2eeabf5a3bd -> 
  custom:scripting/monoscript/fileName/TCP2_GetPosOnWater.cs: 09fece8a0755d1b11f9fdf3eb77dcbc0 -> 
  custom:scripting/monoscript/fileName/Bloom.cs: e82d119aa2efdcbdd1539124121b585d -> 6f6d579a64201b97313a62a1e91b3575
  custom:audio-decoder-ogg-vorbis: bf7c407c2cedff20999df2af8eb42d56 -> 
  custom:scripting/monoscript/fileName/ShaderProperty.cs: 82bb21d4405e65966350eb3cb56ff024 -> 
  custom:scripting/monoscript/fileName/ShaderProperty.Implementations.cs: 832c102de82f04cdc65de110fef55bbe -> 
  custom:scripting/monoscript/fileName/GlobalOptions.cs: fe6494fa426a8040736381ebbdd122c8 -> 
  custom:scripting/monoscript/fileName/TCP2_OutlineInspector.cs: 65523a4924160d9a16e9359205373c7a -> 
  custom:scripting/monoscript/fileName/TCP2_ExpressionParser.cs: 2d12153f030e7001c6e8dd49a9c830ab -> 
  custom:scripting/monoscript/fileName/TCP2_MaterialInspector_PBS.cs: 6b7e84d2fcbb320e53bf430f9d42cf27 -> 
  custom:scripting/monoscript/fileName/TCP2_SmoothedNormalsUtility.cs: d0c50f866cd0458673f04524aac330ab -> 
  custom:scripting/monoscript/fileName/CodeInjection.cs: 53eca25ffbc932bdcc2f182b3a74b3ef -> 
  custom:scripting/monoscript/fileName/BloomEditor.cs: a48a482d8411f395a95a3ae16e7ee54d -> c341bb26b40744c3a5c2a142ac3e1051
  custom:scripting/monoscript/fileName/TCP2_Demo_PBS.cs: bf0261dde914e2ef482e8008955d4b0e -> 
  custom:audio-encoder-webm-vorbis: bf7c407c2cedff20999df2af8eb42d56 -> 
  custom:scripting/monoscript/fileName/Template.cs: 955ddae9cda1c5cb75f6ed421335be29 -> 
  custom:scripting/monoscript/fileName/Module.cs: 778e7a9ccb860ce5ee06b85a41592eb7 -> 9cffc223e3cf6968fcbc7ffa33b894e5
========================================================================
Received Prepare
Refreshing native plugins compatible for Editor in 2.02 ms, found 3 plugins.
Preloading 0 native plugins for Editor in 0.00 ms.
Unloading 13 Unused Serialized files (Serialized files now loaded: 0)
Unloading 13 unused Assets / (189.9 KB). Loaded Objects now: 4080.
Memory consumption went from 78.5 MB to 78.3 MB.
Total: 3.070900 ms (FindLiveObjects: 0.329700 ms CreateObjectMapping: 0.136300 ms MarkObjects: 2.512000 ms  DeleteObjects: 0.092100 ms)

Prepare: number of updated asset objects reloaded= 0
AssetImportParameters requested are different than current active one (requested -> active):
  custom:scripting/monoscript/fileName/TCP2_GradientManager.cs: fcc0eade98cac5b7275979695df635bb -> 
  custom:scripting/monoscript/fileName/MaterialInspector_SG2.cs: 8e87db41a3a0c328381e02b96642d5ed -> 
  custom:container-demuxer-ogg: 62fdf1f143b41e24485cea50d1cbac27 -> 
  custom:scripting/monoscript/fileName/TCP2_ShaderGeneratorUtils.cs: 60f19fd12c7e608165239da51b7c9347 -> 
  custom:scripting/monoscript/fileName/MaterialInspector_Hybrid.cs: dd0479f081972fc1bd8117e9b8a3c19c -> 
  custom:scripting/monoscript/fileName/UIFeatures.cs: 4fdc490df447934db2a1c1930602ea90 -> 
  custom:video-codec-MediaFoundation-h265: 746d11721c4dcdbdad8f713fa42b33f4 -> 
  custom:video-decoder-ogg-theora: a1e56fd34408186e4bbccfd4996cb3dc -> 
  custom:scripting/monoscript/fileName/TCP2_GetPosOnWater_Editor.cs: f070524cbf80cc182ddafc23e9b0c865 -> 
  custom:framework-win-MediaFoundation: 216162199b28c13a410421893ffa2e32 -> 
  custom:scripting/monoscript/fileName/TCP2_Demo_GammaLinear.cs: b35f68aa1d552cb4d1a4ec6c926c0f0b -> 
  custom:scripting/monoscript/fileName/TCP2_GUI.cs: 1338930458367abb0020a550450a40ac -> 
  custom:scripting/monoscript/fileName/TCP2_Demo_Interactive.cs: c0fc773abdf677858f2b632324822fc1 -> 
  custom:scripting/monoscript/fileName/TCP2_Demo_Interactive_Content.cs: af5c3adfbee3ee106cc636b55f10baea -> 
  custom:scripting/monoscript/fileName/TCP2_RuntimeUtils.cs: 6234d1c0df7a9f06c3c188e83442ae85 -> 
  custom:scripting/monoscript/fileName/TCP2_Demo_InvertedMaskImage.cs: ffd3558dbe2bfe9f162715877425f894 -> 
  custom:scripting/monoscript/fileName/ReorderableLayoutList.cs: 9ba7bd4c991c73731c821315ffcd1d38 -> 
  custom:scripting/monoscript/fileName/TCP2_Demo.cs: f66526b53badb7ad665229520cd3259d -> 
  custom:CustomObjectIndexerAttribute: 9a22284fe3817be447336de3de66b15e -> 
  custom:scripting/monoscript/fileName/TCP2_Demo_PBS_View.cs: c54dfb82e8364e406c25d94e7503bb47 -> 
  custom:scripting/monoscript/fileName/Tooltip.cs: 6d98b883b77bd4eb3be7c69498228e5b -> efbd10c978725fde614599dc839eb715
  custom:scripting/monoscript/fileName/TCP2_Demo_Cat.cs: ddce114892a3e78f308d54f7c0d40e51 -> 
  custom:container-demuxer-webm: 4f35f7cbe854078d1ac9338744f61a02 -> 
  custom:scripting/monoscript/fileName/TCP2_Demo_AutoRotate.cs: 0567dee0421ae0886b132939e2b454c8 -> 
  custom:scripting/monoscript/fileName/TCP2_Utils.cs: d281bbd614b05954e715119ffb4e24b0 -> 
  custom:scripting/monoscript/fileName/TCP2_MaterialInspector_PBS_SG.cs: 854a75f3d615b0c507e87b45b4a3c6d0 -> 
  custom:scripting/monoscript/fileName/TCP2_Menu.cs: 88e64115b36f2d5f17b21666c38f240d -> 
  custom:scripting/monoscript/fileName/TCP2_Demo_Interactive_Environment.cs: 08147bc20b048c5b5aea073f2107a938 -> 
  custom:scripting/monoscript/fileName/Config.cs: fae96f2b91a511890105fb9b95d24d0b -> 
  custom:scripting/monoscript/fileName/TCP2_CameraDepth.cs: 78d341a8ab5c83f87f48439841cfe550 -> 
  custom:container-muxer-webm: aa71ff27fc2769a1b78a27578f13a17b -> 
  custom:video-decoder-webm-vp8: 9c59270c3fd7afecdb556c50c9e8de78 -> 
  custom:scripting/monoscript/fileName/TCP2_Demo_AnimateMaterial.cs: 36cd3afdb13edf651922a70330252de1 -> 
  custom:scripting/monoscript/fileName/TCP2_ShaderUpdateUnityTime_Editor.cs: c0adbd8b2cef361b0d030b13795a28f1 -> 
  custom:SearchIndexIgnoredProperties: e643bd26f0fe6173181afceb89e7c659 -> 
  custom:scripting/monoscript/fileName/TCP2_ShaderGenerator.UIFeatures.cs: 1d2933bc56d7311d0449931f9ae688f2 -> 
  custom:AudioImporter_EditorPlatform: d09bf68614088b80899f8185d706f6e7 -> 
  custom:scripting/monoscript/fileName/Serialization.cs: a597a656351bb23afb778cbe20ff24fa -> dd6acf6845fbd366eebfbdc457fca7bf
  custom:scripting/monoscript/fileName/TCP2_MaterialInspector_SurfacePBS_SG.cs: 88b6aab46ec263e3f285a8b01039276b -> 
  custom:scripting/monoscript/fileName/BloomGraphDrawer.cs: 9600e9f64d67dabab17944976945a2fa -> 
  custom:scripting/monoscript/fileName/TCP2_ShaderUpdateUnityTime.cs: 61bb3190525b24acadb5199bc561b249 -> 
  custom:scripting/monoscript/fileName/TCP2_PlanarReflection.cs: 09ded59f42b98316a095fe201bedfef7 -> 
  custom:scripting/monoscript/fileName/TCP2_RampGenerator.cs: eaec3e604e38ce2a529b64230727e120 -> 
  custom:scripting/monoscript/fileName/SGUILayout.cs: 9a748d27fc237893445b0be72a0a383e -> 
  custom:scripting/monoscript/fileName/ShaderGenerator2.cs: e5295c95a591168ca7cb39a3ade1c16c -> 
  custom:scripting/monoscript/fileName/TCP2_MaterialInspector_SG.cs: 831645fb097b4502f2682dac3160ce44 -> 
  custom:scripting/monoscript/fileName/ShaderProperty.CustomMaterialProperty.cs: bc66a2637169b9e3b0a7518af3f83ec8 -> 
  custom:scripting/monoscript/fileName/TCP2_Demo_Camera.cs: cb4db1febccc2c4e09ec7a6d23187ea7 -> 
  custom:scripting/monoscript/fileName/TCP2_Demo_View.cs: 7e6099098a9785fde276519acfef40f1 -> 
  custom:scripting/monoscript/fileName/TCP2_Config.cs: f4d22248fc55d9b99738808a615b972c -> 
  custom:video-encoder-webm-vp8: eb34c28f22e8b96e1ab97ce403110664 -> 
  custom:scripting/monoscript/fileName/TCP2_MaterialInspector.cs: 1f5ad91034ee25bbec41e2eeabf5a3bd -> 
  custom:scripting/monoscript/fileName/TCP2_GetPosOnWater.cs: 09fece8a0755d1b11f9fdf3eb77dcbc0 -> 
  custom:scripting/monoscript/fileName/Bloom.cs: e82d119aa2efdcbdd1539124121b585d -> 6f6d579a64201b97313a62a1e91b3575
  custom:audio-decoder-ogg-vorbis: bf7c407c2cedff20999df2af8eb42d56 -> 
  custom:scripting/monoscript/fileName/ShaderProperty.cs: 82bb21d4405e65966350eb3cb56ff024 -> 
  custom:scripting/monoscript/fileName/ShaderProperty.Implementations.cs: 832c102de82f04cdc65de110fef55bbe -> 
  custom:scripting/monoscript/fileName/GlobalOptions.cs: fe6494fa426a8040736381ebbdd122c8 -> 
  custom:scripting/monoscript/fileName/TCP2_OutlineInspector.cs: 65523a4924160d9a16e9359205373c7a -> 
  custom:scripting/monoscript/fileName/TCP2_ExpressionParser.cs: 2d12153f030e7001c6e8dd49a9c830ab -> 
  custom:scripting/monoscript/fileName/TCP2_MaterialInspector_PBS.cs: 6b7e84d2fcbb320e53bf430f9d42cf27 -> 
  custom:scripting/monoscript/fileName/TCP2_SmoothedNormalsUtility.cs: d0c50f866cd0458673f04524aac330ab -> 
  custom:scripting/monoscript/fileName/CodeInjection.cs: 53eca25ffbc932bdcc2f182b3a74b3ef -> 
  custom:scripting/monoscript/fileName/BloomEditor.cs: a48a482d8411f395a95a3ae16e7ee54d -> c341bb26b40744c3a5c2a142ac3e1051
  custom:scripting/monoscript/fileName/TCP2_Demo_PBS.cs: bf0261dde914e2ef482e8008955d4b0e -> 
  custom:audio-encoder-webm-vorbis: bf7c407c2cedff20999df2af8eb42d56 -> 
  custom:scripting/monoscript/fileName/Template.cs: 955ddae9cda1c5cb75f6ed421335be29 -> 
  custom:scripting/monoscript/fileName/Module.cs: 778e7a9ccb860ce5ee06b85a41592eb7 -> 9cffc223e3cf6968fcbc7ffa33b894e5
========================================================================
Received Prepare
Refreshing native plugins compatible for Editor in 2.06 ms, found 3 plugins.
Preloading 0 native plugins for Editor in 0.00 ms.
Unloading 13 Unused Serialized files (Serialized files now loaded: 0)
Unloading 13 unused Assets / (189.8 KB). Loaded Objects now: 4080.
Memory consumption went from 78.1 MB to 77.9 MB.
Total: 5.213500 ms (FindLiveObjects: 0.582400 ms CreateObjectMapping: 0.171300 ms MarkObjects: 4.340600 ms  DeleteObjects: 0.118000 ms)

Prepare: number of updated asset objects reloaded= 0
AssetImportParameters requested are different than current active one (requested -> active):
  custom:scripting/monoscript/fileName/TCP2_GradientManager.cs: fcc0eade98cac5b7275979695df635bb -> 
  custom:scripting/monoscript/fileName/MaterialInspector_SG2.cs: 8e87db41a3a0c328381e02b96642d5ed -> 
  custom:container-demuxer-ogg: 62fdf1f143b41e24485cea50d1cbac27 -> 
  custom:scripting/monoscript/fileName/TCP2_ShaderGeneratorUtils.cs: 60f19fd12c7e608165239da51b7c9347 -> 
  custom:scripting/monoscript/fileName/MaterialInspector_Hybrid.cs: dd0479f081972fc1bd8117e9b8a3c19c -> 
  custom:scripting/monoscript/fileName/UIFeatures.cs: 4fdc490df447934db2a1c1930602ea90 -> 
  custom:video-codec-MediaFoundation-h265: 746d11721c4dcdbdad8f713fa42b33f4 -> 
  custom:video-decoder-ogg-theora: a1e56fd34408186e4bbccfd4996cb3dc -> 
  custom:scripting/monoscript/fileName/TCP2_GetPosOnWater_Editor.cs: f070524cbf80cc182ddafc23e9b0c865 -> 
  custom:framework-win-MediaFoundation: 216162199b28c13a410421893ffa2e32 -> 
  custom:scripting/monoscript/fileName/TCP2_Demo_GammaLinear.cs: b35f68aa1d552cb4d1a4ec6c926c0f0b -> 
  custom:scripting/monoscript/fileName/TCP2_GUI.cs: 1338930458367abb0020a550450a40ac -> 
  custom:scripting/monoscript/fileName/TCP2_Demo_Interactive.cs: c0fc773abdf677858f2b632324822fc1 -> 
  custom:scripting/monoscript/fileName/TCP2_Demo_Interactive_Content.cs: af5c3adfbee3ee106cc636b55f10baea -> 
  custom:scripting/monoscript/fileName/TCP2_RuntimeUtils.cs: 6234d1c0df7a9f06c3c188e83442ae85 -> 
  custom:scripting/monoscript/fileName/TCP2_Demo_InvertedMaskImage.cs: ffd3558dbe2bfe9f162715877425f894 -> 
  custom:scripting/monoscript/fileName/ReorderableLayoutList.cs: 9ba7bd4c991c73731c821315ffcd1d38 -> 
  custom:scripting/monoscript/fileName/TCP2_Demo.cs: f66526b53badb7ad665229520cd3259d -> 
  custom:CustomObjectIndexerAttribute: 9a22284fe3817be447336de3de66b15e -> 
  custom:scripting/monoscript/fileName/TCP2_Demo_PBS_View.cs: c54dfb82e8364e406c25d94e7503bb47 -> 
  custom:scripting/monoscript/fileName/Tooltip.cs: 6d98b883b77bd4eb3be7c69498228e5b -> efbd10c978725fde614599dc839eb715
  custom:scripting/monoscript/fileName/TCP2_Demo_Cat.cs: ddce114892a3e78f308d54f7c0d40e51 -> 
  custom:container-demuxer-webm: 4f35f7cbe854078d1ac9338744f61a02 -> 
  custom:scripting/monoscript/fileName/TCP2_Demo_AutoRotate.cs: 0567dee0421ae0886b132939e2b454c8 -> 
  custom:scripting/monoscript/fileName/TCP2_Utils.cs: d281bbd614b05954e715119ffb4e24b0 -> 
  custom:scripting/monoscript/fileName/TCP2_MaterialInspector_PBS_SG.cs: 854a75f3d615b0c507e87b45b4a3c6d0 -> 
  custom:scripting/monoscript/fileName/TCP2_Menu.cs: 88e64115b36f2d5f17b21666c38f240d -> 
  custom:scripting/monoscript/fileName/TCP2_Demo_Interactive_Environment.cs: 08147bc20b048c5b5aea073f2107a938 -> 
  custom:scripting/monoscript/fileName/Config.cs: fae96f2b91a511890105fb9b95d24d0b -> 
  custom:scripting/monoscript/fileName/TCP2_CameraDepth.cs: 78d341a8ab5c83f87f48439841cfe550 -> 
  custom:container-muxer-webm: aa71ff27fc2769a1b78a27578f13a17b -> 
  custom:video-decoder-webm-vp8: 9c59270c3fd7afecdb556c50c9e8de78 -> 
  custom:scripting/monoscript/fileName/TCP2_Demo_AnimateMaterial.cs: 36cd3afdb13edf651922a70330252de1 -> 
  custom:scripting/monoscript/fileName/TCP2_ShaderUpdateUnityTime_Editor.cs: c0adbd8b2cef361b0d030b13795a28f1 -> 
  custom:SearchIndexIgnoredProperties: e643bd26f0fe6173181afceb89e7c659 -> 
  custom:scripting/monoscript/fileName/TCP2_ShaderGenerator.UIFeatures.cs: 1d2933bc56d7311d0449931f9ae688f2 -> 
  custom:AudioImporter_EditorPlatform: d09bf68614088b80899f8185d706f6e7 -> 
  custom:scripting/monoscript/fileName/Serialization.cs: a597a656351bb23afb778cbe20ff24fa -> dd6acf6845fbd366eebfbdc457fca7bf
  custom:scripting/monoscript/fileName/TCP2_MaterialInspector_SurfacePBS_SG.cs: 88b6aab46ec263e3f285a8b01039276b -> 
  custom:scripting/monoscript/fileName/BloomGraphDrawer.cs: 9600e9f64d67dabab17944976945a2fa -> 
  custom:scripting/monoscript/fileName/TCP2_ShaderUpdateUnityTime.cs: 61bb3190525b24acadb5199bc561b249 -> 
  custom:scripting/monoscript/fileName/TCP2_PlanarReflection.cs: 09ded59f42b98316a095fe201bedfef7 -> 
  custom:scripting/monoscript/fileName/TCP2_RampGenerator.cs: eaec3e604e38ce2a529b64230727e120 -> 
  custom:scripting/monoscript/fileName/SGUILayout.cs: 9a748d27fc237893445b0be72a0a383e -> 
  custom:scripting/monoscript/fileName/ShaderGenerator2.cs: e5295c95a591168ca7cb39a3ade1c16c -> 
  custom:scripting/monoscript/fileName/TCP2_MaterialInspector_SG.cs: 831645fb097b4502f2682dac3160ce44 -> 
  custom:scripting/monoscript/fileName/ShaderProperty.CustomMaterialProperty.cs: bc66a2637169b9e3b0a7518af3f83ec8 -> 
  custom:scripting/monoscript/fileName/TCP2_Demo_Camera.cs: cb4db1febccc2c4e09ec7a6d23187ea7 -> 
  custom:scripting/monoscript/fileName/TCP2_Demo_View.cs: 7e6099098a9785fde276519acfef40f1 -> 
  custom:scripting/monoscript/fileName/TCP2_Config.cs: f4d22248fc55d9b99738808a615b972c -> 
  custom:video-encoder-webm-vp8: eb34c28f22e8b96e1ab97ce403110664 -> 
  custom:scripting/monoscript/fileName/TCP2_MaterialInspector.cs: 1f5ad91034ee25bbec41e2eeabf5a3bd -> 
  custom:scripting/monoscript/fileName/TCP2_GetPosOnWater.cs: 09fece8a0755d1b11f9fdf3eb77dcbc0 -> 
  custom:scripting/monoscript/fileName/Bloom.cs: e82d119aa2efdcbdd1539124121b585d -> 6f6d579a64201b97313a62a1e91b3575
  custom:audio-decoder-ogg-vorbis: bf7c407c2cedff20999df2af8eb42d56 -> 
  custom:scripting/monoscript/fileName/ShaderProperty.cs: 82bb21d4405e65966350eb3cb56ff024 -> 
  custom:scripting/monoscript/fileName/ShaderProperty.Implementations.cs: 832c102de82f04cdc65de110fef55bbe -> 
  custom:scripting/monoscript/fileName/GlobalOptions.cs: fe6494fa426a8040736381ebbdd122c8 -> 
  custom:scripting/monoscript/fileName/TCP2_OutlineInspector.cs: 65523a4924160d9a16e9359205373c7a -> 
  custom:scripting/monoscript/fileName/TCP2_ExpressionParser.cs: 2d12153f030e7001c6e8dd49a9c830ab -> 
  custom:scripting/monoscript/fileName/TCP2_MaterialInspector_PBS.cs: 6b7e84d2fcbb320e53bf430f9d42cf27 -> 
  custom:scripting/monoscript/fileName/TCP2_SmoothedNormalsUtility.cs: d0c50f866cd0458673f04524aac330ab -> 
  custom:scripting/monoscript/fileName/CodeInjection.cs: 53eca25ffbc932bdcc2f182b3a74b3ef -> 
  custom:scripting/monoscript/fileName/BloomEditor.cs: a48a482d8411f395a95a3ae16e7ee54d -> c341bb26b40744c3a5c2a142ac3e1051
  custom:scripting/monoscript/fileName/TCP2_Demo_PBS.cs: bf0261dde914e2ef482e8008955d4b0e -> 
  custom:audio-encoder-webm-vorbis: bf7c407c2cedff20999df2af8eb42d56 -> 
  custom:scripting/monoscript/fileName/Template.cs: 955ddae9cda1c5cb75f6ed421335be29 -> 
  custom:scripting/monoscript/fileName/Module.cs: 778e7a9ccb860ce5ee06b85a41592eb7 -> 9cffc223e3cf6968fcbc7ffa33b894e5
